timestamp,agent_index,action,score,is_win,is_lose,game_over,map_matrix
2026-05-26T19:27:56.040579,0,Stop,0.0,False,False,False,"[[0, 0, 0, 0, 0, 0, 0, 0, 0, 0, 0], [0, 2, 2, 2, 2, 2, 2, 2, 2, 3, 0], [0, 2, 0, 0, 0, 2, 0, 0, 0, 2, 0], [0, 2, 0, 2, 2, 2, 2, 2, 0, 2, 0], [0, 2, 2, 2, 0, 2, 0, 2, 2, 2, 0], [0, 0, 0, 2, 0, 2, 0, 2, 0, 0, 0], [0, 2, 2, 2, 2, 2, 2, 2, 2, 2, 0], [0, 2, 0, 2, 0, 0, 0, 2, 0, 2, 0], [0, 2, 0, 2, 0, 4, 0, 2, 0, 2, 0], [0, 5, 0, 2, 0, 1, 1, 2, 0, 2, 0], [0, 2, 0, 2, 0, 1, 1, 2, 0, 2, 0], [0, 2, 0, 2, 0, 4, 0, 2, 0, 2, 0], [0, 2, 0, 2, 0, 0, 0, 2, 0, 2, 0], [0, 2, 2, 2, 2, 2, 2, 2, 2, 2, 0], [0, 0, 0, 2, 0, 2, 0, 2, 0, 0, 0], [0, 2, 2, 2, 0, 2, 0, 2, 2, 2, 0], [0, 2, 0, 2, 2, 2, 2, 2, 0, 2, 0], [0, 2, 0, 0, 0, 2, 0, 0, 0, 2, 0], [0, 3, 2, 2, 2, 2, 2, 2, 2, 2, 0], [0, 0, 0, 0, 0, 0, 0, 0, 0, 0, 0]]"
2026-05-26T19:27:56.559268,0,West,-1.0,False,False,False,"[[0, 0, 0, 0, 0, 0, 0, 0, 0, 0, 0], [0, 2, 2, 2, 2, 2, 2, 2, 2, 3, 0], [0, 2, 0, 0, 0, 2, 0, 0, 0, 2, 0], [0, 2, 0, 2, 2, 2, 2, 2, 0, 2, 0], [0, 2, 2, 2, 0, 2, 0, 2, 2, 2, 0], [0, 0, 0, 2, 0, 2, 0, 2, 0, 0, 0], [0, 2, 2, 2, 2, 2, 2, 2, 2, 2, 0], [0, 2, 0, 2, 0, 0, 0, 2, 0, 2, 0], [0, 2, 0, 2, 0, 1, 0, 2, 0, 2, 0], [0, 5, 0, 2, 0, 4, 1, 2, 0, 2, 0], [0, 2, 0, 2, 0, 4, 1, 2, 0, 2, 0], [0, 2, 0, 2, 0, 1, 0, 2, 0, 2, 0], [0, 2, 0, 2, 0, 0, 0, 2, 0, 2, 0], [0, 2, 2, 2, 2, 2, 2, 2, 2, 2, 0], [0, 0, 0, 2, 0, 2, 0, 2, 0, 0, 0], [0, 2, 2, 2, 0, 2, 0, 2, 2, 2, 0], [0, 2, 0, 2, 2, 2, 2, 2, 0, 2, 0], [0, 2, 0, 0, 0, 2, 0, 0, 0, 2, 0], [0, 3, 2, 2, 2, 2, 2, 2, 2, 2, 0], [0, 0, 0, 0, 0, 0, 0, 0, 0, 0, 0]]"
2026-05-26T19:27:57.080197,0,West,8.0,False,False,False,"[[0, 0, 0, 0, 0, 0, 0, 0, 0, 0, 0], [0, 2, 2, 2, 2, 2, 2, 2, 2, 3, 0], [0, 2, 0, 0, 0, 2, 0, 0, 0, 2, 0], [0, 2, 0, 2, 2, 2, 2, 2, 0, 2, 0], [0, 2, 2, 2, 0, 2, 0, 2, 2, 2, 0], [0, 0, 0, 2, 0, 2, 0, 2, 0, 0, 0], [0, 2, 2, 2, 2, 2, 2, 2, 2, 2, 0], [0, 2, 0, 2, 0, 0, 0, 2, 0, 2, 0], [0, 5, 0, 2, 0, 1, 0, 2, 0, 2, 0], [0, 1, 0, 2, 0, 4, 1, 2, 0, 2, 0], [0, 2, 0, 2, 0, 4, 1, 2, 0, 2, 0], [0, 2, 0, 2, 0, 1, 0, 2, 0, 2, 0], [0, 2, 0, 2, 0, 0, 0, 2, 0, 2, 0], [0, 2, 2, 2, 2, 2, 2, 2, 2, 2, 0], [0, 0, 0, 2, 0, 2, 0, 2, 0, 0, 0], [0, 2, 2, 2, 0, 2, 0, 2, 2, 2, 0], [0, 2, 0, 2, 2, 2, 2, 2, 0, 2, 0], [0, 2, 0, 0, 0, 2, 0, 0, 0, 2, 0], [0, 3, 2, 2, 2, 2, 2, 2, 2, 2, 0], [0, 0, 0, 0, 0, 0, 0, 0, 0, 0, 0]]"
2026-05-26T19:27:57.598827,0,West,17.0,False,False,False,"[[0, 0, 0, 0, 0, 0, 0, 0, 0, 0, 0], [0, 2, 2, 2, 2, 2, 2, 2, 2, 3, 0], [0, 2, 0, 0, 0, 2, 0, 0, 0, 2, 0], [0, 2, 0, 2, 2, 2, 2, 2, 0, 2, 0], [0, 2, 2, 2, 0, 2, 0, 2, 2, 2, 0], [0, 0, 0, 2, 0, 2, 0, 2, 0, 0, 0], [0, 2, 2, 2, 2, 2, 2, 2, 2, 2, 0], [0, 5, 0, 2, 0, 0, 0, 2, 0, 2, 0], [0, 1, 0, 2, 0, 4, 0, 2, 0, 2, 0], [0, 1, 0, 2, 0, 1, 1, 2, 0, 2, 0], [0, 2, 0, 2, 0, 1, 1, 2, 0, 2, 0], [0, 2, 0, 2, 0, 4, 0, 2, 0, 2, 0], [0, 2, 0, 2, 0, 0, 0, 2, 0, 2, 0], [0, 2, 2, 2, 2, 2, 2, 2, 2, 2, 0], [0, 0, 0, 2, 0, 2, 0, 2, 0, 0, 0], [0, 2, 2, 2, 0, 2, 0, 2, 2, 2, 0], [0, 2, 0, 2, 2, 2, 2, 2, 0, 2, 0], [0, 2, 0, 0, 0, 2, 0, 0, 0, 2, 0], [0, 3, 2, 2, 2, 2, 2, 2, 2, 2, 0], [0, 0, 0, 0, 0, 0, 0, 0, 0, 0, 0]]"
2026-05-26T19:27:58.119865,0,North,26.0,False,False,False,"[[0, 0, 0, 0, 0, 0, 0, 0, 0, 0, 0], [0, 2, 2, 2, 2, 2, 2, 2, 2, 3, 0], [0, 2, 0, 0, 0, 2, 0, 0, 0, 2, 0], [0, 2, 0, 2, 2, 2, 2, 2, 0, 2, 0], [0, 2, 2, 2, 0, 2, 0, 2, 2, 2, 0], [0, 0, 0, 2, 0, 2, 0, 2, 0, 0, 0], [0, 5, 2, 2, 2, 2, 2, 2, 2, 2, 0], [0, 1, 0, 2, 0, 0, 0, 2, 0, 2, 0], [0, 1, 0, 2, 0, 1, 0, 2, 0, 2, 0], [0, 1, 0, 2, 0, 4, 1, 2, 0, 2, 0], [0, 2, 0, 2, 0, 4, 1, 2, 0, 2, 0], [0, 2, 0, 2, 0, 1, 0, 2, 0, 2, 0], [0, 2, 0, 2, 0, 0, 0, 2, 0, 2, 0], [0, 2, 2, 2, 2, 2, 2, 2, 2, 2, 0], [0, 0, 0, 2, 0, 2, 0, 2, 0, 0, 0], [0, 2, 2, 2, 0, 2, 0, 2, 2, 2, 0], [0, 2, 0, 2, 2, 2, 2, 2, 0, 2, 0], [0, 2, 0, 0, 0, 2, 0, 0, 0, 2, 0], [0, 3, 2, 2, 2, 2, 2, 2, 2, 2, 0], [0, 0, 0, 0, 0, 0, 0, 0, 0, 0, 0]]"
2026-05-26T19:27:58.641282,0,North,35.0,False,False,False,"[[0, 0, 0, 0, 0, 0, 0, 0, 0, 0, 0], [0, 2, 2, 2, 2, 2, 2, 2, 2, 3, 0], [0, 2, 0, 0, 0, 2, 0, 0, 0, 2, 0], [0, 2, 0, 2, 2, 2, 2, 2, 0, 2, 0], [0, 2, 2, 2, 0, 2, 0, 2, 2, 2, 0], [0, 0, 0, 2, 0, 2, 0, 2, 0, 0, 0], [0, 1, 5, 2, 2, 2, 2, 2, 2, 2, 0], [0, 1, 0, 2, 0, 0, 0, 2, 0, 2, 0], [0, 1, 0, 2, 0, 1, 0, 2, 0, 2, 0], [0, 1, 0, 2, 0, 4, 1, 2, 0, 2, 0], [0, 2, 0, 2, 0, 4, 1, 2, 0, 2, 0], [0, 2, 0, 2, 0, 1, 0, 2, 0, 2, 0], [0, 2, 0, 2, 0, 0, 0, 2, 0, 2, 0], [0, 2, 2, 2, 2, 2, 2, 2, 2, 2, 0], [0, 0, 0, 2, 0, 2, 0, 2, 0, 0, 0], [0, 2, 2, 2, 0, 2, 0, 2, 2, 2, 0], [0, 2, 0, 2, 2, 2, 2, 2, 0, 2, 0], [0, 2, 0, 0, 0, 2, 0, 0, 0, 2, 0], [0, 3, 2, 2, 2, 2, 2, 2, 2, 2, 0], [0, 0, 0, 0, 0, 0, 0, 0, 0, 0, 0]]"
2026-05-26T19:27:59.157641,0,North,44.0,False,False,False,"[[0, 0, 0, 0, 0, 0, 0, 0, 0, 0, 0], [0, 2, 2, 2, 2, 2, 2, 2, 2, 3, 0], [0, 2, 0, 0, 0, 2, 0, 0, 0, 2, 0], [0, 2, 0, 2, 2, 2, 2, 2, 0, 2, 0], [0, 2, 2, 2, 0, 2, 0, 2, 2, 2, 0], [0, 0, 0, 2, 0, 2, 0, 2, 0, 0, 0], [0, 1, 1, 5, 2, 2, 2, 2, 2, 2, 0], [0, 1, 0, 2, 0, 0, 0, 2, 0, 2, 0], [0, 1, 0, 2, 0, 4, 0, 2, 0, 2, 0], [0, 1, 0, 2, 0, 1, 1, 2, 0, 2, 0], [0, 2, 0, 2, 0, 1, 1, 2, 0, 2, 0], [0, 2, 0, 2, 0, 4, 0, 2, 0, 2, 0], [0, 2, 0, 2, 0, 0, 0, 2, 0, 2, 0], [0, 2, 2, 2, 2, 2, 2, 2, 2, 2, 0], [0, 0, 0, 2, 0, 2, 0, 2, 0, 0, 0], [0, 2, 2, 2, 0, 2, 0, 2, 2, 2, 0], [0, 2, 0, 2, 2, 2, 2, 2, 0, 2, 0], [0, 2, 0, 0, 0, 2, 0, 0, 0, 2, 0], [0, 3, 2, 2, 2, 2, 2, 2, 2, 2, 0], [0, 0, 0, 0, 0, 0, 0, 0, 0, 0, 0]]"
2026-05-26T19:27:59.673908,0,North,53.0,False,False,False,"[[0, 0, 0, 0, 0, 0, 0, 0, 0, 0, 0], [0, 2, 2, 2, 2, 2, 2, 2, 2, 3, 0], [0, 2, 0, 0, 0, 2, 0, 0, 0, 2, 0], [0, 2, 0, 2, 2, 2, 2, 2, 0, 2, 0], [0, 2, 2, 2, 0, 2, 0, 2, 2, 2, 0], [0, 0, 0, 2, 0, 2, 0, 2, 0, 0, 0], [0, 1, 1, 1, 5, 2, 2, 2, 2, 2, 0], [0, 1, 0, 2, 0, 0, 0, 2, 0, 2, 0], [0, 1, 0, 2, 0, 1, 0, 2, 0, 2, 0], [0, 1, 0, 2, 0, 4, 1, 2, 0, 2, 0], [0, 2, 0, 2, 0, 4, 1, 2, 0, 2, 0], [0, 2, 0, 2, 0, 1, 0, 2, 0, 2, 0], [0, 2, 0, 2, 0, 0, 0, 2, 0, 2, 0], [0, 2, 2, 2, 2, 2, 2, 2, 2, 2, 0], [0, 0, 0, 2, 0, 2, 0, 2, 0, 0, 0], [0, 2, 2, 2, 0, 2, 0, 2, 2, 2, 0], [0, 2, 0, 2, 2, 2, 2, 2, 0, 2, 0], [0, 2, 0, 0, 0, 2, 0, 0, 0, 2, 0], [0, 3, 2, 2, 2, 2, 2, 2, 2, 2, 0], [0, 0, 0, 0, 0, 0, 0, 0, 0, 0, 0]]"
2026-05-26T19:28:00.195270,0,North,62.0,False,False,False,"[[0, 0, 0, 0, 0, 0, 0, 0, 0, 0, 0], [0, 2, 2, 2, 2, 2, 2, 2, 2, 3, 0], [0, 2, 0, 0, 0, 2, 0, 0, 0, 2, 0], [0, 2, 0, 2, 2, 2, 2, 2, 0, 2, 0], [0, 2, 2, 2, 0, 2, 0, 2, 2, 2, 0], [0, 0, 0, 2, 0, 2, 0, 2, 0, 0, 0], [0, 1, 1, 1, 1, 5, 2, 2, 2, 2, 0], [0, 1, 0, 2, 0, 0, 0, 2, 0, 2, 0], [0, 1, 0, 2, 0, 1, 0, 2, 0, 2, 0], [0, 1, 0, 2, 0, 4, 4, 2, 0, 2, 0], [0, 2, 0, 2, 0, 1, 1, 2, 0, 2, 0], [0, 2, 0, 2, 0, 1, 0, 2, 0, 2, 0], [0, 2, 0, 2, 0, 0, 0, 2, 0, 2, 0], [0, 2, 2, 2, 2, 2, 2, 2, 2, 2, 0], [0, 0, 0, 2, 0, 2, 0, 2, 0, 0, 0], [0, 2, 2, 2, 0, 2, 0, 2, 2, 2, 0], [0, 2, 0, 2, 2, 2, 2, 2, 0, 2, 0], [0, 2, 0, 0, 0, 2, 0, 0, 0, 2, 0], [0, 3, 2, 2, 2, 2, 2, 2, 2, 2, 0], [0, 0, 0, 0, 0, 0, 0, 0, 0, 0, 0]]"
2026-05-26T19:28:00.714258,0,North,71.0,False,False,False,"[[0, 0, 0, 0, 0, 0, 0, 0, 0, 0, 0], [0, 2, 2, 2, 2, 2, 2, 2, 2, 3, 0], [0, 2, 0, 0, 0, 2, 0, 0, 0, 2, 0], [0, 2, 0, 2, 2, 2, 2, 2, 0, 2, 0], [0, 2, 2, 2, 0, 2, 0, 2, 2, 2, 0], [0, 0, 0, 2, 0, 2, 0, 2, 0, 0, 0], [0, 1, 1, 1, 1, 1, 5, 2, 2, 2, 0], [0, 1, 0, 2, 0, 0, 0, 2, 0, 2, 0], [0, 1, 0, 2, 0, 4, 0, 2, 0, 2, 0], [0, 1, 0, 2, 0, 1, 1, 4, 0, 2, 0], [0, 2, 0, 2, 0, 1, 1, 2, 0, 2, 0], [0, 2, 0, 2, 0, 1, 0, 2, 0, 2, 0], [0, 2, 0, 2, 0, 0, 0, 2, 0, 2, 0], [0, 2, 2, 2, 2, 2, 2, 2, 2, 2, 0], [0, 0, 0, 2, 0, 2, 0, 2, 0, 0, 0], [0, 2, 2, 2, 0, 2, 0, 2, 2, 2, 0], [0, 2, 0, 2, 2, 2, 2, 2, 0, 2, 0], [0, 2, 0, 0, 0, 2, 0, 0, 0, 2, 0], [0, 3, 2, 2, 2, 2, 2, 2, 2, 2, 0], [0, 0, 0, 0, 0, 0, 0, 0, 0, 0, 0]]"
2026-05-26T19:28:01.232591,0,North,80.0,False,False,False,"[[0, 0, 0, 0, 0, 0, 0, 0, 0, 0, 0], [0, 2, 2, 2, 2, 2, 2, 2, 2, 3, 0], [0, 2, 0, 0, 0, 2, 0, 0, 0, 2, 0], [0, 2, 0, 2, 2, 2, 2, 2, 0, 2, 0], [0, 2, 2, 2, 0, 2, 0, 2, 2, 2, 0], [0, 0, 0, 2, 0, 2, 0, 2, 0, 0, 0], [0, 1, 1, 1, 1, 1, 1, 5, 2, 2, 0], [0, 1, 0, 2, 0, 0, 0, 2, 0, 2, 0], [0, 1, 0, 2, 0, 1, 0, 2, 0, 2, 0], [0, 1, 0, 2, 0, 4, 1, 2, 0, 2, 0], [0, 2, 0, 2, 0, 1, 1, 4, 0, 2, 0], [0, 2, 0, 2, 0, 1, 0, 2, 0, 2, 0], [0, 2, 0, 2, 0, 0, 0, 2, 0, 2, 0], [0, 2, 2, 2, 2, 2, 2, 2, 2, 2, 0], [0, 0, 0, 2, 0, 2, 0, 2, 0, 0, 0], [0, 2, 2, 2, 0, 2, 0, 2, 2, 2, 0], [0, 2, 0, 2, 2, 2, 2, 2, 0, 2, 0], [0, 2, 0, 0, 0, 2, 0, 0, 0, 2, 0], [0, 3, 2, 2, 2, 2, 2, 2, 2, 2, 0], [0, 0, 0, 0, 0, 0, 0, 0, 0, 0, 0]]"
2026-05-26T19:28:01.753347,0,North,89.0,False,False,False,"[[0, 0, 0, 0, 0, 0, 0, 0, 0, 0, 0], [0, 2, 2, 2, 2, 2, 2, 2, 2, 3, 0], [0, 2, 0, 0, 0, 2, 0, 0, 0, 2, 0], [0, 2, 0, 2, 2, 2, 2, 2, 0, 2, 0], [0, 2, 2, 2, 0, 2, 0, 2, 2, 2, 0], [0, 0, 0, 2, 0, 2, 0, 2, 0, 0, 0], [0, 1, 1, 1, 1, 1, 1, 1, 5, 2, 0], [0, 1, 0, 2, 0, 0, 0, 2, 0, 2, 0], [0, 1, 0, 2, 0, 1, 0, 2, 0, 2, 0], [0, 1, 0, 2, 0, 1, 4, 2, 0, 2, 0], [0, 2, 0, 2, 0, 1, 4, 2, 0, 2, 0], [0, 2, 0, 2, 0, 1, 0, 2, 0, 2, 0], [0, 2, 0, 2, 0, 0, 0, 2, 0, 2, 0], [0, 2, 2, 2, 2, 2, 2, 2, 2, 2, 0], [0, 0, 0, 2, 0, 2, 0, 2, 0, 0, 0], [0, 2, 2, 2, 0, 2, 0, 2, 2, 2, 0], [0, 2, 0, 2, 2, 2, 2, 2, 0, 2, 0], [0, 2, 0, 0, 0, 2, 0, 0, 0, 2, 0], [0, 3, 2, 2, 2, 2, 2, 2, 2, 2, 0], [0, 0, 0, 0, 0, 0, 0, 0, 0, 0, 0]]"
2026-05-26T19:28:02.276956,0,East,98.0,False,False,False,"[[0, 0, 0, 0, 0, 0, 0, 0, 0, 0, 0], [0, 2, 2, 2, 2, 2, 2, 2, 2, 3, 0], [0, 2, 0, 0, 0, 2, 0, 0, 0, 2, 0], [0, 2, 0, 2, 2, 2, 2, 2, 0, 2, 0], [0, 2, 2, 2, 0, 2, 0, 2, 2, 2, 0], [0, 0, 0, 2, 0, 2, 0, 2, 0, 0, 0], [0, 1, 1, 1, 1, 1, 1, 1, 1, 5, 0], [0, 1, 0, 2, 0, 0, 0, 2, 0, 2, 0], [0, 1, 0, 2, 0, 1, 0, 2, 0, 2, 0], [0, 1, 0, 2, 0, 1, 4, 4, 0, 2, 0], [0, 2, 0, 2, 0, 1, 1, 2, 0, 2, 0], [0, 2, 0, 2, 0, 1, 0, 2, 0, 2, 0], [0, 2, 0, 2, 0, 0, 0, 2, 0, 2, 0], [0, 2, 2, 2, 2, 2, 2, 2, 2, 2, 0], [0, 0, 0, 2, 0, 2, 0, 2, 0, 0, 0], [0, 2, 2, 2, 0, 2, 0, 2, 2, 2, 0], [0, 2, 0, 2, 2, 2, 2, 2, 0, 2, 0], [0, 2, 0, 0, 0, 2, 0, 0, 0, 2, 0], [0, 3, 2, 2, 2, 2, 2, 2, 2, 2, 0], [0, 0, 0, 0, 0, 0, 0, 0, 0, 0, 0]]"
2026-05-26T19:28:02.798928,0,East,107.0,False,False,False,"[[0, 0, 0, 0, 0, 0, 0, 0, 0, 0, 0], [0, 2, 2, 2, 2, 2, 2, 2, 2, 3, 0], [0, 2, 0, 0, 0, 2, 0, 0, 0, 2, 0], [0, 2, 0, 2, 2, 2, 2, 2, 0, 2, 0], [0, 2, 2, 2, 0, 2, 0, 2, 2, 2, 0], [0, 0, 0, 2, 0, 2, 0, 2, 0, 0, 0], [0, 1, 1, 1, 1, 1, 1, 1, 1, 1, 0], [0, 1, 0, 2, 0, 0, 0, 2, 0, 5, 0], [0, 1, 0, 2, 0, 1, 0, 4, 0, 2, 0], [0, 1, 0, 2, 0, 1, 1, 4, 0, 2, 0], [0, 2, 0, 2, 0, 1, 1, 2, 0, 2, 0], [0, 2, 0, 2, 0, 1, 0, 2, 0, 2, 0], [0, 2, 0, 2, 0, 0, 0, 2, 0, 2, 0], [0, 2, 2, 2, 2, 2, 2, 2, 2, 2, 0], [0, 0, 0, 2, 0, 2, 0, 2, 0, 0, 0], [0, 2, 2, 2, 0, 2, 0, 2, 2, 2, 0], [0, 2, 0, 2, 2, 2, 2, 2, 0, 2, 0], [0, 2, 0, 0, 0, 2, 0, 0, 0, 2, 0], [0, 3, 2, 2, 2, 2, 2, 2, 2, 2, 0], [0, 0, 0, 0, 0, 0, 0, 0, 0, 0, 0]]"
2026-05-26T19:28:03.320271,0,East,116.0,False,False,False,"[[0, 0, 0, 0, 0, 0, 0, 0, 0, 0, 0], [0, 2, 2, 2, 2, 2, 2, 2, 2, 3, 0], [0, 2, 0, 0, 0, 2, 0, 0, 0, 2, 0], [0, 2, 0, 2, 2, 2, 2, 2, 0, 2, 0], [0, 2, 2, 2, 0, 2, 0, 2, 2, 2, 0], [0, 0, 0, 2, 0, 2, 0, 2, 0, 0, 0], [0, 1, 1, 1, 1, 1, 1, 1, 1, 1, 0], [0, 1, 0, 2, 0, 0, 0, 4, 0, 1, 0], [0, 1, 0, 2, 0, 1, 0, 4, 0, 5, 0], [0, 1, 0, 2, 0, 1, 1, 2, 0, 2, 0], [0, 2, 0, 2, 0, 1, 1, 2, 0, 2, 0], [0, 2, 0, 2, 0, 1, 0, 2, 0, 2, 0], [0, 2, 0, 2, 0, 0, 0, 2, 0, 2, 0], [0, 2, 2, 2, 2, 2, 2, 2, 2, 2, 0], [0, 0, 0, 2, 0, 2, 0, 2, 0, 0, 0], [0, 2, 2, 2, 0, 2, 0, 2, 2, 2, 0], [0, 2, 0, 2, 2, 2, 2, 2, 0, 2, 0], [0, 2, 0, 0, 0, 2, 0, 0, 0, 2, 0], [0, 3, 2, 2, 2, 2, 2, 2, 2, 2, 0], [0, 0, 0, 0, 0, 0, 0, 0, 0, 0, 0]]"
2026-05-26T19:28:03.841203,0,East,125.0,False,False,False,"[[0, 0, 0, 0, 0, 0, 0, 0, 0, 0, 0], [0, 2, 2, 2, 2, 2, 2, 2, 2, 3, 0], [0, 2, 0, 0, 0, 2, 0, 0, 0, 2, 0], [0, 2, 0, 2, 2, 2, 2, 2, 0, 2, 0], [0, 2, 2, 2, 0, 2, 0, 2, 2, 2, 0], [0, 0, 0, 2, 0, 2, 0, 2, 0, 0, 0], [0, 1, 1, 1, 1, 1, 1, 4, 1, 1, 0], [0, 1, 0, 2, 0, 0, 0, 4, 0, 1, 0], [0, 1, 0, 2, 0, 1, 0, 2, 0, 1, 0], [0, 1, 0, 2, 0, 1, 1, 2, 0, 5, 0], [0, 2, 0, 2, 0, 1, 1, 2, 0, 2, 0], [0, 2, 0, 2, 0, 1, 0, 2, 0, 2, 0], [0, 2, 0, 2, 0, 0, 0, 2, 0, 2, 0], [0, 2, 2, 2, 2, 2, 2, 2, 2, 2, 0], [0, 0, 0, 2, 0, 2, 0, 2, 0, 0, 0], [0, 2, 2, 2, 0, 2, 0, 2, 2, 2, 0], [0, 2, 0, 2, 2, 2, 2, 2, 0, 2, 0], [0, 2, 0, 0, 0, 2, 0, 0, 0, 2, 0], [0, 3, 2, 2, 2, 2, 2, 2, 2, 2, 0], [0, 0, 0, 0, 0, 0, 0, 0, 0, 0, 0]]"
2026-05-26T19:28:04.363814,0,East,134.0,False,False,False,"[[0, 0, 0, 0, 0, 0, 0, 0, 0, 0, 0], [0, 2, 2, 2, 2, 2, 2, 2, 2, 3, 0], [0, 2, 0, 0, 0, 2, 0, 0, 0, 2, 0], [0, 2, 0, 2, 2, 2, 2, 2, 0, 2, 0], [0, 2, 2, 2, 0, 2, 0, 2, 2, 2, 0], [0, 0, 0, 2, 0, 2, 0, 2, 0, 0, 0], [0, 1, 1, 1, 1, 1, 1, 4, 4, 1, 0], [0, 1, 0, 2, 0, 0, 0, 2, 0, 1, 0], [0, 1, 0, 2, 0, 1, 0, 2, 0, 1, 0], [0, 1, 0, 2, 0, 1, 1, 2, 0, 1, 0], [0, 2, 0, 2, 0, 1, 1, 2, 0, 5, 0], [0, 2, 0, 2, 0, 1, 0, 2, 0, 2, 0], [0, 2, 0, 2, 0, 0, 0, 2, 0, 2, 0], [0, 2, 2, 2, 2, 2, 2, 2, 2, 2, 0], [0, 0, 0, 2, 0, 2, 0, 2, 0, 0, 0], [0, 2, 2, 2, 0, 2, 0, 2, 2, 2, 0], [0, 2, 0, 2, 2, 2, 2, 2, 0, 2, 0], [0, 2, 0, 0, 0, 2, 0, 0, 0, 2, 0], [0, 3, 2, 2, 2, 2, 2, 2, 2, 2, 0], [0, 0, 0, 0, 0, 0, 0, 0, 0, 0, 0]]"
2026-05-26T19:28:04.885554,0,East,143.0,False,False,False,"[[0, 0, 0, 0, 0, 0, 0, 0, 0, 0, 0], [0, 2, 2, 2, 2, 2, 2, 2, 2, 3, 0], [0, 2, 0, 0, 0, 2, 0, 0, 0, 2, 0], [0, 2, 0, 2, 2, 2, 2, 2, 0, 2, 0], [0, 2, 2, 2, 0, 2, 0, 2, 2, 2, 0], [0, 0, 0, 2, 0, 2, 0, 2, 0, 0, 0], [0, 1, 1, 1, 1, 1, 1, 1, 4, 4, 0], [0, 1, 0, 2, 0, 0, 0, 2, 0, 1, 0], [0, 1, 0, 2, 0, 1, 0, 2, 0, 1, 0], [0, 1, 0, 2, 0, 1, 1, 2, 0, 1, 0], [0, 2, 0, 2, 0, 1, 1, 2, 0, 1, 0], [0, 2, 0, 2, 0, 1, 0, 2, 0, 5, 0], [0, 2, 0, 2, 0, 0, 0, 2, 0, 2, 0], [0, 2, 2, 2, 2, 2, 2, 2, 2, 2, 0], [0, 0, 0, 2, 0, 2, 0, 2, 0, 0, 0], [0, 2, 2, 2, 0, 2, 0, 2, 2, 2, 0], [0, 2, 0, 2, 2, 2, 2, 2, 0, 2, 0], [0, 2, 0, 0, 0, 2, 0, 0, 0, 2, 0], [0, 3, 2, 2, 2, 2, 2, 2, 2, 2, 0], [0, 0, 0, 0, 0, 0, 0, 0, 0, 0, 0]]"
2026-05-26T19:28:05.407021,0,East,152.0,False,False,False,"[[0, 0, 0, 0, 0, 0, 0, 0, 0, 0, 0], [0, 2, 2, 2, 2, 2, 2, 2, 2, 3, 0], [0, 2, 0, 0, 0, 2, 0, 0, 0, 2, 0], [0, 2, 0, 2, 2, 2, 2, 2, 0, 2, 0], [0, 2, 2, 2, 0, 2, 0, 2, 2, 2, 0], [0, 0, 0, 2, 0, 2, 0, 2, 0, 0, 0], [0, 1, 1, 1, 1, 1, 1, 1, 1, 4, 0], [0, 1, 0, 2, 0, 0, 0, 2, 0, 4, 0], [0, 1, 0, 2, 0, 1, 0, 2, 0, 1, 0], [0, 1, 0, 2, 0, 1, 1, 2, 0, 1, 0], [0, 2, 0, 2, 0, 1, 1, 2, 0, 1, 0], [0, 2, 0, 2, 0, 1, 0, 2, 0, 1, 0], [0, 2, 0, 2, 0, 0, 0, 2, 0, 5, 0], [0, 2, 2, 2, 2, 2, 2, 2, 2, 2, 0], [0, 0, 0, 2, 0, 2, 0, 2, 0, 0, 0], [0, 2, 2, 2, 0, 2, 0, 2, 2, 2, 0], [0, 2, 0, 2, 2, 2, 2, 2, 0, 2, 0], [0, 2, 0, 0, 0, 2, 0, 0, 0, 2, 0], [0, 3, 2, 2, 2, 2, 2, 2, 2, 2, 0], [0, 0, 0, 0, 0, 0, 0, 0, 0, 0, 0]]"
2026-05-26T19:28:05.929260,0,South,161.0,False,False,False,"[[0, 0, 0, 0, 0, 0, 0, 0, 0, 0, 0], [0, 2, 2, 2, 2, 2, 2, 2, 2, 3, 0], [0, 2, 0, 0, 0, 2, 0, 0, 0, 2, 0], [0, 2, 0, 2, 2, 2, 2, 2, 0, 2, 0], [0, 2, 2, 2, 0, 2, 0, 2, 2, 2, 0], [0, 0, 0, 2, 0, 2, 0, 2, 0, 0, 0], [0, 1, 1, 1, 1, 1, 1, 1, 1, 1, 0], [0, 1, 0, 2, 0, 0, 0, 2, 0, 4, 0], [0, 1, 0, 2, 0, 1, 0, 2, 0, 4, 0], [0, 1, 0, 2, 0, 1, 1, 2, 0, 1, 0], [0, 2, 0, 2, 0, 1, 1, 2, 0, 1, 0], [0, 2, 0, 2, 0, 1, 0, 2, 0, 1, 0], [0, 2, 0, 2, 0, 0, 0, 2, 0, 1, 0], [0, 2, 2, 2, 2, 2, 2, 2, 2, 5, 0], [0, 0, 0, 2, 0, 2, 0, 2, 0, 0, 0], [0, 2, 2, 2, 0, 2, 0, 2, 2, 2, 0], [0, 2, 0, 2, 2, 2, 2, 2, 0, 2, 0], [0, 2, 0, 0, 0, 2, 0, 0, 0, 2, 0], [0, 3, 2, 2, 2, 2, 2, 2, 2, 2, 0], [0, 0, 0, 0, 0, 0, 0, 0, 0, 0, 0]]"
2026-05-26T19:28:06.449575,0,South,170.0,False,False,False,"[[0, 0, 0, 0, 0, 0, 0, 0, 0, 0, 0], [0, 2, 2, 2, 2, 2, 2, 2, 2, 3, 0], [0, 2, 0, 0, 0, 2, 0, 0, 0, 2, 0], [0, 2, 0, 2, 2, 2, 2, 2, 0, 2, 0], [0, 2, 2, 2, 0, 2, 0, 2, 2, 2, 0], [0, 0, 0, 2, 0, 2, 0, 2, 0, 0, 0], [0, 1, 1, 1, 1, 1, 1, 1, 1, 1, 0], [0, 1, 0, 2, 0, 0, 0, 2, 0, 1, 0], [0, 1, 0, 2, 0, 1, 0, 2, 0, 4, 0], [0, 1, 0, 2, 0, 1, 1, 2, 0, 4, 0], [0, 2, 0, 2, 0, 1, 1, 2, 0, 1, 0], [0, 2, 0, 2, 0, 1, 0, 2, 0, 1, 0], [0, 2, 0, 2, 0, 0, 0, 2, 0, 1, 0], [0, 2, 2, 2, 2, 2, 2, 2, 5, 1, 0], [0, 0, 0, 2, 0, 2, 0, 2, 0, 0, 0], [0, 2, 2, 2, 0, 2, 0, 2, 2, 2, 0], [0, 2, 0, 2, 2, 2, 2, 2, 0, 2, 0], [0, 2, 0, 0, 0, 2, 0, 0, 0, 2, 0], [0, 3, 2, 2, 2, 2, 2, 2, 2, 2, 0], [0, 0, 0, 0, 0, 0, 0, 0, 0, 0, 0]]"
2026-05-26T19:28:06.972969,0,West,179.0,False,False,False,"[[0, 0, 0, 0, 0, 0, 0, 0, 0, 0, 0], [0, 2, 2, 2, 2, 2, 2, 2, 2, 3, 0], [0, 2, 0, 0, 0, 2, 0, 0, 0, 2, 0], [0, 2, 0, 2, 2, 2, 2, 2, 0, 2, 0], [0, 2, 2, 2, 0, 2, 0, 2, 2, 2, 0], [0, 0, 0, 2, 0, 2, 0, 2, 0, 0, 0], [0, 1, 1, 1, 1, 1, 1, 1, 1, 1, 0], [0, 1, 0, 2, 0, 0, 0, 2, 0, 1, 0], [0, 1, 0, 2, 0, 1, 0, 2, 0, 1, 0], [0, 1, 0, 2, 0, 1, 1, 2, 0, 4, 0], [0, 2, 0, 2, 0, 1, 1, 2, 0, 4, 0], [0, 2, 0, 2, 0, 1, 0, 2, 0, 1, 0], [0, 2, 0, 2, 0, 0, 0, 2, 0, 1, 0], [0, 2, 2, 2, 2, 2, 2, 5, 1, 1, 0], [0, 0, 0, 2, 0, 2, 0, 2, 0, 0, 0], [0, 2, 2, 2, 0, 2, 0, 2, 2, 2, 0], [0, 2, 0, 2, 2, 2, 2, 2, 0, 2, 0], [0, 2, 0, 0, 0, 2, 0, 0, 0, 2, 0], [0, 3, 2, 2, 2, 2, 2, 2, 2, 2, 0], [0, 0, 0, 0, 0, 0, 0, 0, 0, 0, 0]]"
2026-05-26T19:28:07.493725,0,West,188.0,False,False,False,"[[0, 0, 0, 0, 0, 0, 0, 0, 0, 0, 0], [0, 2, 2, 2, 2, 2, 2, 2, 2, 3, 0], [0, 2, 0, 0, 0, 2, 0, 0, 0, 2, 0], [0, 2, 0, 2, 2, 2, 2, 2, 0, 2, 0], [0, 2, 2, 2, 0, 2, 0, 2, 2, 2, 0], [0, 0, 0, 2, 0, 2, 0, 2, 0, 0, 0], [0, 1, 1, 1, 1, 1, 1, 1, 1, 1, 0], [0, 1, 0, 2, 0, 0, 0, 2, 0, 1, 0], [0, 1, 0, 2, 0, 1, 0, 2, 0, 1, 0], [0, 1, 0, 2, 0, 1, 1, 2, 0, 1, 0], [0, 2, 0, 2, 0, 1, 1, 2, 0, 4, 0], [0, 2, 0, 2, 0, 1, 0, 2, 0, 4, 0], [0, 2, 0, 2, 0, 0, 0, 5, 0, 1, 0], [0, 2, 2, 2, 2, 2, 2, 1, 1, 1, 0], [0, 0, 0, 2, 0, 2, 0, 2, 0, 0, 0], [0, 2, 2, 2, 0, 2, 0, 2, 2, 2, 0], [0, 2, 0, 2, 2, 2, 2, 2, 0, 2, 0], [0, 2, 0, 0, 0, 2, 0, 0, 0, 2, 0], [0, 3, 2, 2, 2, 2, 2, 2, 2, 2, 0], [0, 0, 0, 0, 0, 0, 0, 0, 0, 0, 0]]"
2026-05-26T19:28:08.014438,0,West,197.0,False,False,False,"[[0, 0, 0, 0, 0, 0, 0, 0, 0, 0, 0], [0, 2, 2, 2, 2, 2, 2, 2, 2, 3, 0], [0, 2, 0, 0, 0, 2, 0, 0, 0, 2, 0], [0, 2, 0, 2, 2, 2, 2, 2, 0, 2, 0], [0, 2, 2, 2, 0, 2, 0, 2, 2, 2, 0], [0, 0, 0, 2, 0, 2, 0, 2, 0, 0, 0], [0, 1, 1, 1, 1, 1, 1, 1, 1, 1, 0], [0, 1, 0, 2, 0, 0, 0, 2, 0, 1, 0], [0, 1, 0, 2, 0, 1, 0, 2, 0, 1, 0], [0, 1, 0, 2, 0, 1, 1, 2, 0, 1, 0], [0, 2, 0, 2, 0, 1, 1, 2, 0, 1, 0], [0, 2, 0, 2, 0, 1, 0, 5, 0, 4, 0], [0, 2, 0, 2, 0, 0, 0, 1, 0, 4, 0], [0, 2, 2, 2, 2, 2, 2, 1, 1, 1, 0], [0, 0, 0, 2, 0, 2, 0, 2, 0, 0, 0], [0, 2, 2, 2, 0, 2, 0, 2, 2, 2, 0], [0, 2, 0, 2, 2, 2, 2, 2, 0, 2, 0], [0, 2, 0, 0, 0, 2, 0, 0, 0, 2, 0], [0, 3, 2, 2, 2, 2, 2, 2, 2, 2, 0], [0, 0, 0, 0, 0, 0, 0, 0, 0, 0, 0]]"
2026-05-26T19:28:08.536964,0,West,206.0,False,False,False,"[[0, 0, 0, 0, 0, 0, 0, 0, 0, 0, 0], [0, 2, 2, 2, 2, 2, 2, 2, 2, 3, 0], [0, 2, 0, 0, 0, 2, 0, 0, 0, 2, 0], [0, 2, 0, 2, 2, 2, 2, 2, 0, 2, 0], [0, 2, 2, 2, 0, 2, 0, 2, 2, 2, 0], [0, 0, 0, 2, 0, 2, 0, 2, 0, 0, 0], [0, 1, 1, 1, 1, 1, 1, 1, 1, 1, 0], [0, 1, 0, 2, 0, 0, 0, 2, 0, 1, 0], [0, 1, 0, 2, 0, 1, 0, 2, 0, 1, 0], [0, 1, 0, 2, 0, 1, 1, 2, 0, 1, 0], [0, 2, 0, 2, 0, 1, 1, 5, 0, 1, 0], [0, 2, 0, 2, 0, 1, 0, 1, 0, 1, 0], [0, 2, 0, 2, 0, 0, 0, 1, 0, 4, 0], [0, 2, 2, 2, 2, 2, 2, 1, 1, 4, 0], [0, 0, 0, 2, 0, 2, 0, 2, 0, 0, 0], [0, 2, 2, 2, 0, 2, 0, 2, 2, 2, 0], [0, 2, 0, 2, 2, 2, 2, 2, 0, 2, 0], [0, 2, 0, 0, 0, 2, 0, 0, 0, 2, 0], [0, 3, 2, 2, 2, 2, 2, 2, 2, 2, 0], [0, 0, 0, 0, 0, 0, 0, 0, 0, 0, 0]]"
2026-05-26T19:28:09.060282,0,West,215.0,False,False,False,"[[0, 0, 0, 0, 0, 0, 0, 0, 0, 0, 0], [0, 2, 2, 2, 2, 2, 2, 2, 2, 3, 0], [0, 2, 0, 0, 0, 2, 0, 0, 0, 2, 0], [0, 2, 0, 2, 2, 2, 2, 2, 0, 2, 0], [0, 2, 2, 2, 0, 2, 0, 2, 2, 2, 0], [0, 0, 0, 2, 0, 2, 0, 2, 0, 0, 0], [0, 1, 1, 1, 1, 1, 1, 1, 1, 1, 0], [0, 1, 0, 2, 0, 0, 0, 2, 0, 1, 0], [0, 1, 0, 2, 0, 1, 0, 2, 0, 1, 0], [0, 1, 0, 2, 0, 1, 1, 5, 0, 1, 0], [0, 2, 0, 2, 0, 1, 1, 1, 0, 1, 0], [0, 2, 0, 2, 0, 1, 0, 1, 0, 1, 0], [0, 2, 0, 2, 0, 0, 0, 1, 0, 1, 0], [0, 2, 2, 2, 2, 2, 2, 1, 4, 4, 0], [0, 0, 0, 2, 0, 2, 0, 2, 0, 0, 0], [0, 2, 2, 2, 0, 2, 0, 2, 2, 2, 0], [0, 2, 0, 2, 2, 2, 2, 2, 0, 2, 0], [0, 2, 0, 0, 0, 2, 0, 0, 0, 2, 0], [0, 3, 2, 2, 2, 2, 2, 2, 2, 2, 0], [0, 0, 0, 0, 0, 0, 0, 0, 0, 0, 0]]"
2026-05-26T19:28:09.585067,0,West,224.0,False,False,False,"[[0, 0, 0, 0, 0, 0, 0, 0, 0, 0, 0], [0, 2, 2, 2, 2, 2, 2, 2, 2, 3, 0], [0, 2, 0, 0, 0, 2, 0, 0, 0, 2, 0], [0, 2, 0, 2, 2, 2, 2, 2, 0, 2, 0], [0, 2, 2, 2, 0, 2, 0, 2, 2, 2, 0], [0, 0, 0, 2, 0, 2, 0, 2, 0, 0, 0], [0, 1, 1, 1, 1, 1, 1, 1, 1, 1, 0], [0, 1, 0, 2, 0, 0, 0, 2, 0, 1, 0], [0, 1, 0, 2, 0, 1, 0, 5, 0, 1, 0], [0, 1, 0, 2, 0, 1, 1, 1, 0, 1, 0], [0, 2, 0, 2, 0, 1, 1, 1, 0, 1, 0], [0, 2, 0, 2, 0, 1, 0, 1, 0, 1, 0], [0, 2, 0, 2, 0, 0, 0, 1, 0, 1, 0], [0, 2, 2, 2, 2, 2, 2, 4, 4, 1, 0], [0, 0, 0, 2, 0, 2, 0, 2, 0, 0, 0], [0, 2, 2, 2, 0, 2, 0, 2, 2, 2, 0], [0, 2, 0, 2, 2, 2, 2, 2, 0, 2, 0], [0, 2, 0, 0, 0, 2, 0, 0, 0, 2, 0], [0, 3, 2, 2, 2, 2, 2, 2, 2, 2, 0], [0, 0, 0, 0, 0, 0, 0, 0, 0, 0, 0]]"
2026-05-26T19:28:10.106665,0,West,233.0,False,False,False,"[[0, 0, 0, 0, 0, 0, 0, 0, 0, 0, 0], [0, 2, 2, 2, 2, 2, 2, 2, 2, 3, 0], [0, 2, 0, 0, 0, 2, 0, 0, 0, 2, 0], [0, 2, 0, 2, 2, 2, 2, 2, 0, 2, 0], [0, 2, 2, 2, 0, 2, 0, 2, 2, 2, 0], [0, 0, 0, 2, 0, 2, 0, 2, 0, 0, 0], [0, 1, 1, 1, 1, 1, 1, 1, 1, 1, 0], [0, 1, 0, 2, 0, 0, 0, 5, 0, 1, 0], [0, 1, 0, 2, 0, 1, 0, 1, 0, 1, 0], [0, 1, 0, 2, 0, 1, 1, 1, 0, 1, 0], [0, 2, 0, 2, 0, 1, 1, 1, 0, 1, 0], [0, 2, 0, 2, 0, 1, 0, 1, 0, 1, 0], [0, 2, 0, 2, 0, 0, 0, 4, 0, 1, 0], [0, 2, 2, 2, 2, 2, 2, 4, 1, 1, 0], [0, 0, 0, 2, 0, 2, 0, 2, 0, 0, 0], [0, 2, 2, 2, 0, 2, 0, 2, 2, 2, 0], [0, 2, 0, 2, 2, 2, 2, 2, 0, 2, 0], [0, 2, 0, 0, 0, 2, 0, 0, 0, 2, 0], [0, 3, 2, 2, 2, 2, 2, 2, 2, 2, 0], [0, 0, 0, 0, 0, 0, 0, 0, 0, 0, 0]]"
2026-05-26T19:28:10.628682,0,West,232.0,False,False,False,"[[0, 0, 0, 0, 0, 0, 0, 0, 0, 0, 0], [0, 2, 2, 2, 2, 2, 2, 2, 2, 3, 0], [0, 2, 0, 0, 0, 2, 0, 0, 0, 2, 0], [0, 2, 0, 2, 2, 2, 2, 2, 0, 2, 0], [0, 2, 2, 2, 0, 2, 0, 2, 2, 2, 0], [0, 0, 0, 2, 0, 2, 0, 2, 0, 0, 0], [0, 1, 1, 1, 1, 1, 1, 5, 1, 1, 0], [0, 1, 0, 2, 0, 0, 0, 1, 0, 1, 0], [0, 1, 0, 2, 0, 1, 0, 1, 0, 1, 0], [0, 1, 0, 2, 0, 1, 1, 1, 0, 1, 0], [0, 2, 0, 2, 0, 1, 1, 1, 0, 1, 0], [0, 2, 0, 2, 0, 1, 0, 4, 0, 1, 0], [0, 2, 0, 2, 0, 0, 0, 4, 0, 1, 0], [0, 2, 2, 2, 2, 2, 2, 1, 1, 1, 0], [0, 0, 0, 2, 0, 2, 0, 2, 0, 0, 0], [0, 2, 2, 2, 0, 2, 0, 2, 2, 2, 0], [0, 2, 0, 2, 2, 2, 2, 2, 0, 2, 0], [0, 2, 0, 0, 0, 2, 0, 0, 0, 2, 0], [0, 3, 2, 2, 2, 2, 2, 2, 2, 2, 0], [0, 0, 0, 0, 0, 0, 0, 0, 0, 0, 0]]"
2026-05-26T19:28:11.151806,0,West,241.0,False,False,False,"[[0, 0, 0, 0, 0, 0, 0, 0, 0, 0, 0], [0, 2, 2, 2, 2, 2, 2, 2, 2, 3, 0], [0, 2, 0, 0, 0, 2, 0, 0, 0, 2, 0], [0, 2, 0, 2, 2, 2, 2, 2, 0, 2, 0], [0, 2, 2, 2, 0, 2, 0, 2, 2, 2, 0], [0, 0, 0, 2, 0, 2, 0, 5, 0, 0, 0], [0, 1, 1, 1, 1, 1, 1, 1, 1, 1, 0], [0, 1, 0, 2, 0, 0, 0, 1, 0, 1, 0], [0, 1, 0, 2, 0, 1, 0, 1, 0, 1, 0], [0, 1, 0, 2, 0, 1, 1, 1, 0, 1, 0], [0, 2, 0, 2, 0, 1, 1, 4, 0, 1, 0], [0, 2, 0, 2, 0, 1, 0, 4, 0, 1, 0], [0, 2, 0, 2, 0, 0, 0, 1, 0, 1, 0], [0, 2, 2, 2, 2, 2, 2, 1, 1, 1, 0], [0, 0, 0, 2, 0, 2, 0, 2, 0, 0, 0], [0, 2, 2, 2, 0, 2, 0, 2, 2, 2, 0], [0, 2, 0, 2, 2, 2, 2, 2, 0, 2, 0], [0, 2, 0, 0, 0, 2, 0, 0, 0, 2, 0], [0, 3, 2, 2, 2, 2, 2, 2, 2, 2, 0], [0, 0, 0, 0, 0, 0, 0, 0, 0, 0, 0]]"
2026-05-26T19:28:11.672365,0,North,250.0,False,False,False,"[[0, 0, 0, 0, 0, 0, 0, 0, 0, 0, 0], [0, 2, 2, 2, 2, 2, 2, 2, 2, 3, 0], [0, 2, 0, 0, 0, 2, 0, 0, 0, 2, 0], [0, 2, 0, 2, 2, 2, 2, 2, 0, 2, 0], [0, 2, 2, 2, 0, 2, 0, 5, 2, 2, 0], [0, 0, 0, 2, 0, 2, 0, 1, 0, 0, 0], [0, 1, 1, 1, 1, 1, 1, 1, 1, 1, 0], [0, 1, 0, 2, 0, 0, 0, 1, 0, 1, 0], [0, 1, 0, 2, 0, 1, 0, 1, 0, 1, 0], [0, 1, 0, 2, 0, 1, 1, 4, 0, 1, 0], [0, 2, 0, 2, 0, 1, 1, 4, 0, 1, 0], [0, 2, 0, 2, 0, 1, 0, 1, 0, 1, 0], [0, 2, 0, 2, 0, 0, 0, 1, 0, 1, 0], [0, 2, 2, 2, 2, 2, 2, 1, 1, 1, 0], [0, 0, 0, 2, 0, 2, 0, 2, 0, 0, 0], [0, 2, 2, 2, 0, 2, 0, 2, 2, 2, 0], [0, 2, 0, 2, 2, 2, 2, 2, 0, 2, 0], [0, 2, 0, 0, 0, 2, 0, 0, 0, 2, 0], [0, 3, 2, 2, 2, 2, 2, 2, 2, 2, 0], [0, 0, 0, 0, 0, 0, 0, 0, 0, 0, 0]]"
2026-05-26T19:28:12.195411,0,North,259.0,False,False,False,"[[0, 0, 0, 0, 0, 0, 0, 0, 0, 0, 0], [0, 2, 2, 2, 2, 2, 2, 2, 2, 3, 0], [0, 2, 0, 0, 0, 2, 0, 0, 0, 2, 0], [0, 2, 0, 2, 2, 2, 2, 2, 0, 2, 0], [0, 2, 2, 2, 0, 2, 0, 1, 5, 2, 0], [0, 0, 0, 2, 0, 2, 0, 1, 0, 0, 0], [0, 1, 1, 1, 1, 1, 1, 1, 1, 1, 0], [0, 1, 0, 2, 0, 0, 0, 1, 0, 1, 0], [0, 1, 0, 2, 0, 1, 0, 4, 0, 1, 0], [0, 1, 0, 2, 0, 1, 1, 4, 0, 1, 0], [0, 2, 0, 2, 0, 1, 1, 1, 0, 1, 0], [0, 2, 0, 2, 0, 1, 0, 1, 0, 1, 0], [0, 2, 0, 2, 0, 0, 0, 1, 0, 1, 0], [0, 2, 2, 2, 2, 2, 2, 1, 1, 1, 0], [0, 0, 0, 2, 0, 2, 0, 2, 0, 0, 0], [0, 2, 2, 2, 0, 2, 0, 2, 2, 2, 0], [0, 2, 0, 2, 2, 2, 2, 2, 0, 2, 0], [0, 2, 0, 0, 0, 2, 0, 0, 0, 2, 0], [0, 3, 2, 2, 2, 2, 2, 2, 2, 2, 0], [0, 0, 0, 0, 0, 0, 0, 0, 0, 0, 0]]"
2026-05-26T19:28:12.717541,0,West,268.0,False,False,False,"[[0, 0, 0, 0, 0, 0, 0, 0, 0, 0, 0], [0, 2, 2, 2, 2, 2, 2, 2, 2, 3, 0], [0, 2, 0, 0, 0, 2, 0, 0, 0, 2, 0], [0, 2, 0, 2, 2, 2, 2, 2, 0, 2, 0], [0, 2, 2, 2, 0, 2, 0, 1, 1, 5, 0], [0, 0, 0, 2, 0, 2, 0, 1, 0, 0, 0], [0, 1, 1, 1, 1, 1, 1, 1, 1, 1, 0], [0, 1, 0, 2, 0, 0, 0, 4, 0, 1, 0], [0, 1, 0, 2, 0, 1, 0, 4, 0, 1, 0], [0, 1, 0, 2, 0, 1, 1, 1, 0, 1, 0], [0, 2, 0, 2, 0, 1, 1, 1, 0, 1, 0], [0, 2, 0, 2, 0, 1, 0, 1, 0, 1, 0], [0, 2, 0, 2, 0, 0, 0, 1, 0, 1, 0], [0, 2, 2, 2, 2, 2, 2, 1, 1, 1, 0], [0, 0, 0, 2, 0, 2, 0, 2, 0, 0, 0], [0, 2, 2, 2, 0, 2, 0, 2, 2, 2, 0], [0, 2, 0, 2, 2, 2, 2, 2, 0, 2, 0], [0, 2, 0, 0, 0, 2, 0, 0, 0, 2, 0], [0, 3, 2, 2, 2, 2, 2, 2, 2, 2, 0], [0, 0, 0, 0, 0, 0, 0, 0, 0, 0, 0]]"
2026-05-26T19:28:13.237934,0,West,277.0,False,False,False,"[[0, 0, 0, 0, 0, 0, 0, 0, 0, 0, 0], [0, 2, 2, 2, 2, 2, 2, 2, 2, 3, 0], [0, 2, 0, 0, 0, 2, 0, 0, 0, 2, 0], [0, 2, 0, 2, 2, 2, 2, 2, 0, 5, 0], [0, 2, 2, 2, 0, 2, 0, 1, 1, 1, 0], [0, 0, 0, 2, 0, 2, 0, 1, 0, 0, 0], [0, 1, 1, 1, 1, 1, 1, 4, 1, 1, 0], [0, 1, 0, 2, 0, 0, 0, 4, 0, 1, 0], [0, 1, 0, 2, 0, 1, 0, 1, 0, 1, 0], [0, 1, 0, 2, 0, 1, 1, 1, 0, 1, 0], [0, 2, 0, 2, 0, 1, 1, 1, 0, 1, 0], [0, 2, 0, 2, 0, 1, 0, 1, 0, 1, 0], [0, 2, 0, 2, 0, 0, 0, 1, 0, 1, 0], [0, 2, 2, 2, 2, 2, 2, 1, 1, 1, 0], [0, 0, 0, 2, 0, 2, 0, 2, 0, 0, 0], [0, 2, 2, 2, 0, 2, 0, 2, 2, 2, 0], [0, 2, 0, 2, 2, 2, 2, 2, 0, 2, 0], [0, 2, 0, 0, 0, 2, 0, 0, 0, 2, 0], [0, 3, 2, 2, 2, 2, 2, 2, 2, 2, 0], [0, 0, 0, 0, 0, 0, 0, 0, 0, 0, 0]]"
2026-05-26T19:28:13.758736,0,West,286.0,False,False,False,"[[0, 0, 0, 0, 0, 0, 0, 0, 0, 0, 0], [0, 2, 2, 2, 2, 2, 2, 2, 2, 3, 0], [0, 2, 0, 0, 0, 2, 0, 0, 0, 5, 0], [0, 2, 0, 2, 2, 2, 2, 2, 0, 1, 0], [0, 2, 2, 2, 0, 2, 0, 1, 1, 1, 0], [0, 0, 0, 2, 0, 2, 0, 4, 0, 0, 0], [0, 1, 1, 1, 1, 1, 1, 4, 1, 1, 0], [0, 1, 0, 2, 0, 0, 0, 1, 0, 1, 0], [0, 1, 0, 2, 0, 1, 0, 1, 0, 1, 0], [0, 1, 0, 2, 0, 1, 1, 1, 0, 1, 0], [0, 2, 0, 2, 0, 1, 1, 1, 0, 1, 0], [0, 2, 0, 2, 0, 1, 0, 1, 0, 1, 0], [0, 2, 0, 2, 0, 0, 0, 1, 0, 1, 0], [0, 2, 2, 2, 2, 2, 2, 1, 1, 1, 0], [0, 0, 0, 2, 0, 2, 0, 2, 0, 0, 0], [0, 2, 2, 2, 0, 2, 0, 2, 2, 2, 0], [0, 2, 0, 2, 2, 2, 2, 2, 0, 2, 0], [0, 2, 0, 0, 0, 2, 0, 0, 0, 2, 0], [0, 3, 2, 2, 2, 2, 2, 2, 2, 2, 0], [0, 0, 0, 0, 0, 0, 0, 0, 0, 0, 0]]"
2026-05-26T19:28:14.278093,0,South,285.0,False,False,False,"[[0, 0, 0, 0, 0, 0, 0, 0, 0, 0, 0], [0, 2, 2, 2, 2, 2, 2, 2, 2, 5, 0], [0, 2, 0, 0, 0, 2, 0, 0, 0, 1, 0], [0, 2, 0, 2, 2, 2, 2, 2, 0, 1, 0], [0, 2, 2, 2, 0, 2, 0, 4, 1, 1, 0], [0, 0, 0, 2, 0, 2, 0, 1, 0, 0, 0], [0, 1, 1, 1, 1, 1, 4, 1, 1, 1, 0], [0, 1, 0, 2, 0, 0, 0, 1, 0, 1, 0], [0, 1, 0, 2, 0, 1, 0, 1, 0, 1, 0], [0, 1, 0, 2, 0, 1, 1, 1, 0, 1, 0], [0, 2, 0, 2, 0, 1, 1, 1, 0, 1, 0], [0, 2, 0, 2, 0, 1, 0, 1, 0, 1, 0], [0, 2, 0, 2, 0, 0, 0, 1, 0, 1, 0], [0, 2, 2, 2, 2, 2, 2, 1, 1, 1, 0], [0, 0, 0, 2, 0, 2, 0, 2, 0, 0, 0], [0, 2, 2, 2, 0, 2, 0, 2, 2, 2, 0], [0, 2, 0, 2, 2, 2, 2, 2, 0, 2, 0], [0, 2, 0, 0, 0, 2, 0, 0, 0, 2, 0], [0, 3, 2, 2, 2, 2, 2, 2, 2, 2, 0], [0, 0, 0, 0, 0, 0, 0, 0, 0, 0, 0]]"
2026-05-26T19:28:14.797222,0,South,294.0,False,False,False,"[[0, 0, 0, 0, 0, 0, 0, 0, 0, 0, 0], [0, 2, 2, 2, 2, 2, 2, 2, 5, 1, 0], [0, 2, 0, 0, 0, 2, 0, 0, 0, 1, 0], [0, 2, 0, 2, 2, 2, 2, 2, 0, 1, 0], [0, 2, 2, 2, 0, 2, 0, 4, 1, 1, 0], [0, 0, 0, 2, 0, 2, 0, 1, 0, 0, 0], [0, 1, 1, 1, 1, 1, 4, 1, 1, 1, 0], [0, 1, 0, 2, 0, 0, 0, 1, 0, 1, 0], [0, 1, 0, 2, 0, 1, 0, 1, 0, 1, 0], [0, 1, 0, 2, 0, 1, 1, 1, 0, 1, 0], [0, 2, 0, 2, 0, 1, 1, 1, 0, 1, 0], [0, 2, 0, 2, 0, 1, 0, 1, 0, 1, 0], [0, 2, 0, 2, 0, 0, 0, 1, 0, 1, 0], [0, 2, 2, 2, 2, 2, 2, 1, 1, 1, 0], [0, 0, 0, 2, 0, 2, 0, 2, 0, 0, 0], [0, 2, 2, 2, 0, 2, 0, 2, 2, 2, 0], [0, 2, 0, 2, 2, 2, 2, 2, 0, 2, 0], [0, 2, 0, 0, 0, 2, 0, 0, 0, 2, 0], [0, 3, 2, 2, 2, 2, 2, 2, 2, 2, 0], [0, 0, 0, 0, 0, 0, 0, 0, 0, 0, 0]]"
2026-05-26T19:28:15.315918,0,South,303.0,False,False,False,"[[0, 0, 0, 0, 0, 0, 0, 0, 0, 0, 0], [0, 2, 2, 2, 2, 2, 2, 5, 1, 1, 0], [0, 2, 0, 0, 0, 2, 0, 0, 0, 1, 0], [0, 2, 0, 2, 2, 2, 2, 2, 0, 1, 0], [0, 2, 2, 2, 0, 2, 0, 4, 1, 1, 0], [0, 0, 0, 2, 0, 2, 0, 1, 0, 0, 0], [0, 1, 1, 1, 1, 4, 1, 1, 1, 1, 0], [0, 1, 0, 2, 0, 0, 0, 1, 0, 1, 0], [0, 1, 0, 2, 0, 1, 0, 1, 0, 1, 0], [0, 1, 0, 2, 0, 1, 1, 1, 0, 1, 0], [0, 2, 0, 2, 0, 1, 1, 1, 0, 1, 0], [0, 2, 0, 2, 0, 1, 0, 1, 0, 1, 0], [0, 2, 0, 2, 0, 0, 0, 1, 0, 1, 0], [0, 2, 2, 2, 2, 2, 2, 1, 1, 1, 0], [0, 0, 0, 2, 0, 2, 0, 2, 0, 0, 0], [0, 2, 2, 2, 0, 2, 0, 2, 2, 2, 0], [0, 2, 0, 2, 2, 2, 2, 2, 0, 2, 0], [0, 2, 0, 0, 0, 2, 0, 0, 0, 2, 0], [0, 3, 2, 2, 2, 2, 2, 2, 2, 2, 0], [0, 0, 0, 0, 0, 0, 0, 0, 0, 0, 0]]"
2026-05-26T19:28:15.835978,0,South,312.0,False,False,False,"[[0, 0, 0, 0, 0, 0, 0, 0, 0, 0, 0], [0, 2, 2, 2, 2, 2, 5, 1, 1, 1, 0], [0, 2, 0, 0, 0, 2, 0, 0, 0, 1, 0], [0, 2, 0, 2, 2, 2, 2, 2, 0, 1, 0], [0, 2, 2, 2, 0, 2, 0, 1, 4, 1, 0], [0, 0, 0, 2, 0, 2, 0, 1, 0, 0, 0], [0, 1, 1, 1, 1, 4, 1, 1, 1, 1, 0], [0, 1, 0, 2, 0, 0, 0, 1, 0, 1, 0], [0, 1, 0, 2, 0, 1, 0, 1, 0, 1, 0], [0, 1, 0, 2, 0, 1, 1, 1, 0, 1, 0], [0, 2, 0, 2, 0, 1, 1, 1, 0, 1, 0], [0, 2, 0, 2, 0, 1, 0, 1, 0, 1, 0], [0, 2, 0, 2, 0, 0, 0, 1, 0, 1, 0], [0, 2, 2, 2, 2, 2, 2, 1, 1, 1, 0], [0, 0, 0, 2, 0, 2, 0, 2, 0, 0, 0], [0, 2, 2, 2, 0, 2, 0, 2, 2, 2, 0], [0, 2, 0, 2, 2, 2, 2, 2, 0, 2, 0], [0, 2, 0, 0, 0, 2, 0, 0, 0, 2, 0], [0, 3, 2, 2, 2, 2, 2, 2, 2, 2, 0], [0, 0, 0, 0, 0, 0, 0, 0, 0, 0, 0]]"
2026-05-26T19:28:16.356409,0,South,321.0,False,False,False,"[[0, 0, 0, 0, 0, 0, 0, 0, 0, 0, 0], [0, 2, 2, 2, 2, 5, 1, 1, 1, 1, 0], [0, 2, 0, 0, 0, 2, 0, 0, 0, 1, 0], [0, 2, 0, 2, 2, 2, 2, 2, 0, 1, 0], [0, 2, 2, 2, 0, 2, 0, 1, 4, 1, 0], [0, 0, 0, 2, 0, 2, 0, 1, 0, 0, 0], [0, 1, 1, 1, 4, 1, 1, 1, 1, 1, 0], [0, 1, 0, 2, 0, 0, 0, 1, 0, 1, 0], [0, 1, 0, 2, 0, 1, 0, 1, 0, 1, 0], [0, 1, 0, 2, 0, 1, 1, 1, 0, 1, 0], [0, 2, 0, 2, 0, 1, 1, 1, 0, 1, 0], [0, 2, 0, 2, 0, 1, 0, 1, 0, 1, 0], [0, 2, 0, 2, 0, 0, 0, 1, 0, 1, 0], [0, 2, 2, 2, 2, 2, 2, 1, 1, 1, 0], [0, 0, 0, 2, 0, 2, 0, 2, 0, 0, 0], [0, 2, 2, 2, 0, 2, 0, 2, 2, 2, 0], [0, 2, 0, 2, 2, 2, 2, 2, 0, 2, 0], [0, 2, 0, 0, 0, 2, 0, 0, 0, 2, 0], [0, 3, 2, 2, 2, 2, 2, 2, 2, 2, 0], [0, 0, 0, 0, 0, 0, 0, 0, 0, 0, 0]]"
2026-05-26T19:28:16.874830,0,South,330.0,False,False,False,"[[0, 0, 0, 0, 0, 0, 0, 0, 0, 0, 0], [0, 2, 2, 2, 5, 1, 1, 1, 1, 1, 0], [0, 2, 0, 0, 0, 2, 0, 0, 0, 1, 0], [0, 2, 0, 2, 2, 2, 2, 2, 0, 1, 0], [0, 2, 2, 2, 0, 2, 0, 1, 1, 4, 0], [0, 0, 0, 2, 0, 2, 0, 1, 0, 0, 0], [0, 1, 1, 1, 4, 1, 1, 1, 1, 1, 0], [0, 1, 0, 2, 0, 0, 0, 1, 0, 1, 0], [0, 1, 0, 2, 0, 1, 0, 1, 0, 1, 0], [0, 1, 0, 2, 0, 1, 1, 1, 0, 1, 0], [0, 2, 0, 2, 0, 1, 1, 1, 0, 1, 0], [0, 2, 0, 2, 0, 1, 0, 1, 0, 1, 0], [0, 2, 0, 2, 0, 0, 0, 1, 0, 1, 0], [0, 2, 2, 2, 2, 2, 2, 1, 1, 1, 0], [0, 0, 0, 2, 0, 2, 0, 2, 0, 0, 0], [0, 2, 2, 2, 0, 2, 0, 2, 2, 2, 0], [0, 2, 0, 2, 2, 2, 2, 2, 0, 2, 0], [0, 2, 0, 0, 0, 2, 0, 0, 0, 2, 0], [0, 3, 2, 2, 2, 2, 2, 2, 2, 2, 0], [0, 0, 0, 0, 0, 0, 0, 0, 0, 0, 0]]"
2026-05-26T19:28:17.392388,0,South,339.0,False,False,False,"[[0, 0, 0, 0, 0, 0, 0, 0, 0, 0, 0], [0, 2, 2, 5, 1, 1, 1, 1, 1, 1, 0], [0, 2, 0, 0, 0, 2, 0, 0, 0, 1, 0], [0, 2, 0, 2, 2, 2, 2, 2, 0, 4, 0], [0, 2, 2, 2, 0, 2, 0, 1, 1, 1, 0], [0, 0, 0, 2, 0, 2, 0, 1, 0, 0, 0], [0, 1, 1, 4, 1, 1, 1, 1, 1, 1, 0], [0, 1, 0, 2, 0, 0, 0, 1, 0, 1, 0], [0, 1, 0, 2, 0, 1, 0, 1, 0, 1, 0], [0, 1, 0, 2, 0, 1, 1, 1, 0, 1, 0], [0, 2, 0, 2, 0, 1, 1, 1, 0, 1, 0], [0, 2, 0, 2, 0, 1, 0, 1, 0, 1, 0], [0, 2, 0, 2, 0, 0, 0, 1, 0, 1, 0], [0, 2, 2, 2, 2, 2, 2, 1, 1, 1, 0], [0, 0, 0, 2, 0, 2, 0, 2, 0, 0, 0], [0, 2, 2, 2, 0, 2, 0, 2, 2, 2, 0], [0, 2, 0, 2, 2, 2, 2, 2, 0, 2, 0], [0, 2, 0, 0, 0, 2, 0, 0, 0, 2, 0], [0, 3, 2, 2, 2, 2, 2, 2, 2, 2, 0], [0, 0, 0, 0, 0, 0, 0, 0, 0, 0, 0]]"
2026-05-26T19:28:17.911698,0,South,348.0,False,False,False,"[[0, 0, 0, 0, 0, 0, 0, 0, 0, 0, 0], [0, 2, 5, 1, 1, 1, 1, 1, 1, 1, 0], [0, 2, 0, 0, 0, 2, 0, 0, 0, 1, 0], [0, 2, 0, 2, 2, 2, 2, 2, 0, 4, 0], [0, 2, 2, 2, 0, 2, 0, 1, 1, 1, 0], [0, 0, 0, 2, 0, 2, 0, 1, 0, 0, 0], [0, 1, 1, 4, 1, 1, 1, 1, 1, 1, 0], [0, 1, 0, 2, 0, 0, 0, 1, 0, 1, 0], [0, 1, 0, 2, 0, 1, 0, 1, 0, 1, 0], [0, 1, 0, 2, 0, 1, 1, 1, 0, 1, 0], [0, 2, 0, 2, 0, 1, 1, 1, 0, 1, 0], [0, 2, 0, 2, 0, 1, 0, 1, 0, 1, 0], [0, 2, 0, 2, 0, 0, 0, 1, 0, 1, 0], [0, 2, 2, 2, 2, 2, 2, 1, 1, 1, 0], [0, 0, 0, 2, 0, 2, 0, 2, 0, 0, 0], [0, 2, 2, 2, 0, 2, 0, 2, 2, 2, 0], [0, 2, 0, 2, 2, 2, 2, 2, 0, 2, 0], [0, 2, 0, 0, 0, 2, 0, 0, 0, 2, 0], [0, 3, 2, 2, 2, 2, 2, 2, 2, 2, 0], [0, 0, 0, 0, 0, 0, 0, 0, 0, 0, 0]]"
2026-05-26T19:28:18.430393,0,East,357.0,False,False,False,"[[0, 0, 0, 0, 0, 0, 0, 0, 0, 0, 0], [0, 5, 1, 1, 1, 1, 1, 1, 1, 1, 0], [0, 2, 0, 0, 0, 2, 0, 0, 0, 4, 0], [0, 2, 0, 2, 2, 2, 2, 2, 0, 1, 0], [0, 2, 2, 2, 0, 2, 0, 1, 1, 1, 0], [0, 0, 0, 2, 0, 2, 0, 1, 0, 0, 0], [0, 1, 1, 4, 1, 1, 1, 1, 1, 1, 0], [0, 1, 0, 2, 0, 0, 0, 1, 0, 1, 0], [0, 1, 0, 2, 0, 1, 0, 1, 0, 1, 0], [0, 1, 0, 2, 0, 1, 1, 1, 0, 1, 0], [0, 2, 0, 2, 0, 1, 1, 1, 0, 1, 0], [0, 2, 0, 2, 0, 1, 0, 1, 0, 1, 0], [0, 2, 0, 2, 0, 0, 0, 1, 0, 1, 0], [0, 2, 2, 2, 2, 2, 2, 1, 1, 1, 0], [0, 0, 0, 2, 0, 2, 0, 2, 0, 0, 0], [0, 2, 2, 2, 0, 2, 0, 2, 2, 2, 0], [0, 2, 0, 2, 2, 2, 2, 2, 0, 2, 0], [0, 2, 0, 0, 0, 2, 0, 0, 0, 2, 0], [0, 3, 2, 2, 2, 2, 2, 2, 2, 2, 0], [0, 0, 0, 0, 0, 0, 0, 0, 0, 0, 0]]"
2026-05-26T19:28:18.948450,0,East,366.0,False,False,False,"[[0, 0, 0, 0, 0, 0, 0, 0, 0, 0, 0], [0, 1, 1, 1, 1, 1, 1, 1, 1, 1, 0], [0, 5, 0, 0, 0, 2, 0, 0, 0, 4, 0], [0, 2, 0, 2, 2, 2, 2, 2, 0, 1, 0], [0, 2, 2, 2, 0, 2, 0, 1, 1, 1, 0], [0, 0, 0, 2, 0, 2, 0, 1, 0, 0, 0], [0, 1, 1, 1, 1, 1, 1, 1, 1, 1, 0], [0, 1, 0, 4, 0, 0, 0, 1, 0, 1, 0], [0, 1, 0, 2, 0, 1, 0, 1, 0, 1, 0], [0, 1, 0, 2, 0, 1, 1, 1, 0, 1, 0], [0, 2, 0, 2, 0, 1, 1, 1, 0, 1, 0], [0, 2, 0, 2, 0, 1, 0, 1, 0, 1, 0], [0, 2, 0, 2, 0, 0, 0, 1, 0, 1, 0], [0, 2, 2, 2, 2, 2, 2, 1, 1, 1, 0], [0, 0, 0, 2, 0, 2, 0, 2, 0, 0, 0], [0, 2, 2, 2, 0, 2, 0, 2, 2, 2, 0], [0, 2, 0, 2, 2, 2, 2, 2, 0, 2, 0], [0, 2, 0, 0, 0, 2, 0, 0, 0, 2, 0], [0, 3, 2, 2, 2, 2, 2, 2, 2, 2, 0], [0, 0, 0, 0, 0, 0, 0, 0, 0, 0, 0]]"
2026-05-26T19:28:19.468487,0,East,375.0,False,False,False,"[[0, 0, 0, 0, 0, 0, 0, 0, 0, 0, 0], [0, 1, 1, 1, 1, 1, 1, 1, 1, 4, 0], [0, 1, 0, 0, 0, 2, 0, 0, 0, 1, 0], [0, 5, 0, 2, 2, 2, 2, 2, 0, 1, 0], [0, 2, 2, 2, 0, 2, 0, 1, 1, 1, 0], [0, 0, 0, 2, 0, 2, 0, 1, 0, 0, 0], [0, 1, 1, 1, 1, 1, 1, 1, 1, 1, 0], [0, 1, 0, 4, 0, 0, 0, 1, 0, 1, 0], [0, 1, 0, 2, 0, 1, 0, 1, 0, 1, 0], [0, 1, 0, 2, 0, 1, 1, 1, 0, 1, 0], [0, 2, 0, 2, 0, 1, 1, 1, 0, 1, 0], [0, 2, 0, 2, 0, 1, 0, 1, 0, 1, 0], [0, 2, 0, 2, 0, 0, 0, 1, 0, 1, 0], [0, 2, 2, 2, 2, 2, 2, 1, 1, 1, 0], [0, 0, 0, 2, 0, 2, 0, 2, 0, 0, 0], [0, 2, 2, 2, 0, 2, 0, 2, 2, 2, 0], [0, 2, 0, 2, 2, 2, 2, 2, 0, 2, 0], [0, 2, 0, 0, 0, 2, 0, 0, 0, 2, 0], [0, 3, 2, 2, 2, 2, 2, 2, 2, 2, 0], [0, 0, 0, 0, 0, 0, 0, 0, 0, 0, 0]]"
2026-05-26T19:28:19.985931,0,North,384.0,False,False,False,"[[0, 0, 0, 0, 0, 0, 0, 0, 0, 0, 0], [0, 1, 1, 1, 1, 1, 1, 1, 1, 4, 0], [0, 1, 0, 0, 0, 2, 0, 0, 0, 1, 0], [0, 1, 0, 2, 2, 2, 2, 2, 0, 1, 0], [0, 5, 2, 2, 0, 2, 0, 1, 1, 1, 0], [0, 0, 0, 2, 0, 2, 0, 1, 0, 0, 0], [0, 1, 1, 1, 1, 1, 1, 1, 1, 1, 0], [0, 1, 0, 2, 0, 0, 0, 1, 0, 1, 0], [0, 1, 0, 4, 0, 1, 0, 1, 0, 1, 0], [0, 1, 0, 2, 0, 1, 1, 1, 0, 1, 0], [0, 2, 0, 2, 0, 1, 1, 1, 0, 1, 0], [0, 2, 0, 2, 0, 1, 0, 1, 0, 1, 0], [0, 2, 0, 2, 0, 0, 0, 1, 0, 1, 0], [0, 2, 2, 2, 2, 2, 2, 1, 1, 1, 0], [0, 0, 0, 2, 0, 2, 0, 2, 0, 0, 0], [0, 2, 2, 2, 0, 2, 0, 2, 2, 2, 0], [0, 2, 0, 2, 2, 2, 2, 2, 0, 2, 0], [0, 2, 0, 0, 0, 2, 0, 0, 0, 2, 0], [0, 3, 2, 2, 2, 2, 2, 2, 2, 2, 0], [0, 0, 0, 0, 0, 0, 0, 0, 0, 0, 0]]"
2026-05-26T19:28:20.505531,0,North,393.0,False,False,False,"[[0, 0, 0, 0, 0, 0, 0, 0, 0, 0, 0], [0, 1, 1, 1, 1, 1, 1, 1, 4, 1, 0], [0, 1, 0, 0, 0, 2, 0, 0, 0, 1, 0], [0, 1, 0, 2, 2, 2, 2, 2, 0, 1, 0], [0, 1, 5, 2, 0, 2, 0, 1, 1, 1, 0], [0, 0, 0, 2, 0, 2, 0, 1, 0, 0, 0], [0, 1, 1, 1, 1, 1, 1, 1, 1, 1, 0], [0, 1, 0, 2, 0, 0, 0, 1, 0, 1, 0], [0, 1, 0, 4, 0, 1, 0, 1, 0, 1, 0], [0, 1, 0, 2, 0, 1, 1, 1, 0, 1, 0], [0, 2, 0, 2, 0, 1, 1, 1, 0, 1, 0], [0, 2, 0, 2, 0, 1, 0, 1, 0, 1, 0], [0, 2, 0, 2, 0, 0, 0, 1, 0, 1, 0], [0, 2, 2, 2, 2, 2, 2, 1, 1, 1, 0], [0, 0, 0, 2, 0, 2, 0, 2, 0, 0, 0], [0, 2, 2, 2, 0, 2, 0, 2, 2, 2, 0], [0, 2, 0, 2, 2, 2, 2, 2, 0, 2, 0], [0, 2, 0, 0, 0, 2, 0, 0, 0, 2, 0], [0, 3, 2, 2, 2, 2, 2, 2, 2, 2, 0], [0, 0, 0, 0, 0, 0, 0, 0, 0, 0, 0]]"
2026-05-26T19:28:21.024507,0,West,402.0,False,False,False,"[[0, 0, 0, 0, 0, 0, 0, 0, 0, 0, 0], [0, 1, 1, 1, 1, 1, 1, 1, 4, 1, 0], [0, 1, 0, 0, 0, 2, 0, 0, 0, 1, 0], [0, 1, 0, 2, 2, 2, 2, 2, 0, 1, 0], [0, 1, 1, 5, 0, 2, 0, 1, 1, 1, 0], [0, 0, 0, 2, 0, 2, 0, 1, 0, 0, 0], [0, 1, 1, 1, 1, 1, 1, 1, 1, 1, 0], [0, 1, 0, 2, 0, 0, 0, 1, 0, 1, 0], [0, 1, 0, 2, 0, 1, 0, 1, 0, 1, 0], [0, 1, 0, 4, 0, 1, 1, 1, 0, 1, 0], [0, 2, 0, 2, 0, 1, 1, 1, 0, 1, 0], [0, 2, 0, 2, 0, 1, 0, 1, 0, 1, 0], [0, 2, 0, 2, 0, 0, 0, 1, 0, 1, 0], [0, 2, 2, 2, 2, 2, 2, 1, 1, 1, 0], [0, 0, 0, 2, 0, 2, 0, 2, 0, 0, 0], [0, 2, 2, 2, 0, 2, 0, 2, 2, 2, 0], [0, 2, 0, 2, 2, 2, 2, 2, 0, 2, 0], [0, 2, 0, 0, 0, 2, 0, 0, 0, 2, 0], [0, 3, 2, 2, 2, 2, 2, 2, 2, 2, 0], [0, 0, 0, 0, 0, 0, 0, 0, 0, 0, 0]]"
2026-05-26T19:28:21.543556,0,North,411.0,False,False,False,"[[0, 0, 0, 0, 0, 0, 0, 0, 0, 0, 0], [0, 1, 1, 1, 1, 1, 1, 4, 1, 1, 0], [0, 1, 0, 0, 0, 2, 0, 0, 0, 1, 0], [0, 1, 0, 5, 2, 2, 2, 2, 0, 1, 0], [0, 1, 1, 1, 0, 2, 0, 1, 1, 1, 0], [0, 0, 0, 2, 0, 2, 0, 1, 0, 0, 0], [0, 1, 1, 1, 1, 1, 1, 1, 1, 1, 0], [0, 1, 0, 2, 0, 0, 0, 1, 0, 1, 0], [0, 1, 0, 2, 0, 1, 0, 1, 0, 1, 0], [0, 1, 0, 4, 0, 1, 1, 1, 0, 1, 0], [0, 2, 0, 2, 0, 1, 1, 1, 0, 1, 0], [0, 2, 0, 2, 0, 1, 0, 1, 0, 1, 0], [0, 2, 0, 2, 0, 0, 0, 1, 0, 1, 0], [0, 2, 2, 2, 2, 2, 2, 1, 1, 1, 0], [0, 0, 0, 2, 0, 2, 0, 2, 0, 0, 0], [0, 2, 2, 2, 0, 2, 0, 2, 2, 2, 0], [0, 2, 0, 2, 2, 2, 2, 2, 0, 2, 0], [0, 2, 0, 0, 0, 2, 0, 0, 0, 2, 0], [0, 3, 2, 2, 2, 2, 2, 2, 2, 2, 0], [0, 0, 0, 0, 0, 0, 0, 0, 0, 0, 0]]"
2026-05-26T19:28:22.061800,0,North,420.0,False,False,False,"[[0, 0, 0, 0, 0, 0, 0, 0, 0, 0, 0], [0, 1, 1, 1, 1, 1, 1, 4, 1, 1, 0], [0, 1, 0, 0, 0, 2, 0, 0, 0, 1, 0], [0, 1, 0, 1, 5, 2, 2, 2, 0, 1, 0], [0, 1, 1, 1, 0, 2, 0, 1, 1, 1, 0], [0, 0, 0, 2, 0, 2, 0, 1, 0, 0, 0], [0, 1, 1, 1, 1, 1, 1, 1, 1, 1, 0], [0, 1, 0, 2, 0, 0, 0, 1, 0, 1, 0], [0, 1, 0, 2, 0, 1, 0, 1, 0, 1, 0], [0, 1, 0, 2, 0, 1, 1, 1, 0, 1, 0], [0, 2, 0, 4, 0, 1, 1, 1, 0, 1, 0], [0, 2, 0, 2, 0, 1, 0, 1, 0, 1, 0], [0, 2, 0, 2, 0, 0, 0, 1, 0, 1, 0], [0, 2, 2, 2, 2, 2, 2, 1, 1, 1, 0], [0, 0, 0, 2, 0, 2, 0, 2, 0, 0, 0], [0, 2, 2, 2, 0, 2, 0, 2, 2, 2, 0], [0, 2, 0, 2, 2, 2, 2, 2, 0, 2, 0], [0, 2, 0, 0, 0, 2, 0, 0, 0, 2, 0], [0, 3, 2, 2, 2, 2, 2, 2, 2, 2, 0], [0, 0, 0, 0, 0, 0, 0, 0, 0, 0, 0]]"
2026-05-26T19:28:22.580699,0,West,429.0,False,False,False,"[[0, 0, 0, 0, 0, 0, 0, 0, 0, 0, 0], [0, 1, 1, 1, 1, 1, 4, 1, 1, 1, 0], [0, 1, 0, 0, 0, 2, 0, 0, 0, 1, 0], [0, 1, 0, 1, 1, 5, 2, 2, 0, 1, 0], [0, 1, 1, 1, 0, 2, 0, 1, 1, 1, 0], [0, 0, 0, 2, 0, 2, 0, 1, 0, 0, 0], [0, 1, 1, 1, 1, 1, 1, 1, 1, 1, 0], [0, 1, 0, 2, 0, 0, 0, 1, 0, 1, 0], [0, 1, 0, 2, 0, 1, 0, 1, 0, 1, 0], [0, 1, 0, 2, 0, 1, 1, 1, 0, 1, 0], [0, 2, 0, 4, 0, 1, 1, 1, 0, 1, 0], [0, 2, 0, 2, 0, 1, 0, 1, 0, 1, 0], [0, 2, 0, 2, 0, 0, 0, 1, 0, 1, 0], [0, 2, 2, 2, 2, 2, 2, 1, 1, 1, 0], [0, 0, 0, 2, 0, 2, 0, 2, 0, 0, 0], [0, 2, 2, 2, 0, 2, 0, 2, 2, 2, 0], [0, 2, 0, 2, 2, 2, 2, 2, 0, 2, 0], [0, 2, 0, 0, 0, 2, 0, 0, 0, 2, 0], [0, 3, 2, 2, 2, 2, 2, 2, 2, 2, 0], [0, 0, 0, 0, 0, 0, 0, 0, 0, 0, 0]]"
2026-05-26T19:28:23.099267,0,East,438.0,False,False,False,"[[0, 0, 0, 0, 0, 0, 0, 0, 0, 0, 0], [0, 1, 1, 1, 1, 1, 4, 1, 1, 1, 0], [0, 1, 0, 0, 0, 5, 0, 0, 0, 1, 0], [0, 1, 0, 1, 1, 1, 2, 2, 0, 1, 0], [0, 1, 1, 1, 0, 2, 0, 1, 1, 1, 0], [0, 0, 0, 2, 0, 2, 0, 1, 0, 0, 0], [0, 1, 1, 1, 1, 1, 1, 1, 1, 1, 0], [0, 1, 0, 2, 0, 0, 0, 1, 0, 1, 0], [0, 1, 0, 2, 0, 1, 0, 1, 0, 1, 0], [0, 1, 0, 2, 0, 1, 1, 1, 0, 1, 0], [0, 2, 0, 2, 0, 1, 1, 1, 0, 1, 0], [0, 2, 0, 4, 0, 1, 0, 1, 0, 1, 0], [0, 2, 0, 2, 0, 0, 0, 1, 0, 1, 0], [0, 2, 2, 2, 2, 2, 2, 1, 1, 1, 0], [0, 0, 0, 2, 0, 2, 0, 2, 0, 0, 0], [0, 2, 2, 2, 0, 2, 0, 2, 2, 2, 0], [0, 2, 0, 2, 2, 2, 2, 2, 0, 2, 0], [0, 2, 0, 0, 0, 2, 0, 0, 0, 2, 0], [0, 3, 2, 2, 2, 2, 2, 2, 2, 2, 0], [0, 0, 0, 0, 0, 0, 0, 0, 0, 0, 0]]"
2026-05-26T19:28:23.617740,0,North,437.0,False,False,False,"[[0, 0, 0, 0, 0, 0, 0, 0, 0, 0, 0], [0, 1, 1, 1, 1, 4, 1, 1, 1, 1, 0], [0, 1, 0, 0, 0, 1, 0, 0, 0, 1, 0], [0, 1, 0, 1, 1, 5, 2, 2, 0, 1, 0], [0, 1, 1, 1, 0, 2, 0, 1, 1, 1, 0], [0, 0, 0, 2, 0, 2, 0, 1, 0, 0, 0], [0, 1, 1, 1, 1, 1, 1, 1, 1, 1, 0], [0, 1, 0, 2, 0, 0, 0, 1, 0, 1, 0], [0, 1, 0, 2, 0, 1, 0, 1, 0, 1, 0], [0, 1, 0, 2, 0, 1, 1, 1, 0, 1, 0], [0, 2, 0, 2, 0, 1, 1, 1, 0, 1, 0], [0, 2, 0, 4, 0, 1, 0, 1, 0, 1, 0], [0, 2, 0, 2, 0, 0, 0, 1, 0, 1, 0], [0, 2, 2, 2, 2, 2, 2, 1, 1, 1, 0], [0, 0, 0, 2, 0, 2, 0, 2, 0, 0, 0], [0, 2, 2, 2, 0, 2, 0, 2, 2, 2, 0], [0, 2, 0, 2, 2, 2, 2, 2, 0, 2, 0], [0, 2, 0, 0, 0, 2, 0, 0, 0, 2, 0], [0, 3, 2, 2, 2, 2, 2, 2, 2, 2, 0], [0, 0, 0, 0, 0, 0, 0, 0, 0, 0, 0]]"
2026-05-26T19:28:24.136899,0,North,446.0,False,False,False,"[[0, 0, 0, 0, 0, 0, 0, 0, 0, 0, 0], [0, 1, 1, 1, 1, 4, 1, 1, 1, 1, 0], [0, 1, 0, 0, 0, 1, 0, 0, 0, 1, 0], [0, 1, 0, 1, 1, 1, 5, 2, 0, 1, 0], [0, 1, 1, 1, 0, 2, 0, 1, 1, 1, 0], [0, 0, 0, 2, 0, 2, 0, 1, 0, 0, 0], [0, 1, 1, 1, 1, 1, 1, 1, 1, 1, 0], [0, 1, 0, 2, 0, 0, 0, 1, 0, 1, 0], [0, 1, 0, 2, 0, 1, 0, 1, 0, 1, 0], [0, 1, 0, 2, 0, 1, 1, 1, 0, 1, 0], [0, 2, 0, 2, 0, 1, 1, 1, 0, 1, 0], [0, 2, 0, 2, 0, 1, 0, 1, 0, 1, 0], [0, 2, 0, 4, 0, 0, 0, 1, 0, 1, 0], [0, 2, 2, 2, 2, 2, 2, 1, 1, 1, 0], [0, 0, 0, 2, 0, 2, 0, 2, 0, 0, 0], [0, 2, 2, 2, 0, 2, 0, 2, 2, 2, 0], [0, 2, 0, 2, 2, 2, 2, 2, 0, 2, 0], [0, 2, 0, 0, 0, 2, 0, 0, 0, 2, 0], [0, 3, 2, 2, 2, 2, 2, 2, 2, 2, 0], [0, 0, 0, 0, 0, 0, 0, 0, 0, 0, 0]]"
2026-05-26T19:28:24.656593,0,South,455.0,False,False,False,"[[0, 0, 0, 0, 0, 0, 0, 0, 0, 0, 0], [0, 1, 1, 1, 4, 1, 1, 1, 1, 1, 0], [0, 1, 0, 0, 0, 1, 0, 0, 0, 1, 0], [0, 1, 0, 1, 1, 1, 1, 5, 0, 1, 0], [0, 1, 1, 1, 0, 2, 0, 1, 1, 1, 0], [0, 0, 0, 2, 0, 2, 0, 1, 0, 0, 0], [0, 1, 1, 1, 1, 1, 1, 1, 1, 1, 0], [0, 1, 0, 2, 0, 0, 0, 1, 0, 1, 0], [0, 1, 0, 2, 0, 1, 0, 1, 0, 1, 0], [0, 1, 0, 2, 0, 1, 1, 1, 0, 1, 0], [0, 2, 0, 2, 0, 1, 1, 1, 0, 1, 0], [0, 2, 0, 2, 0, 1, 0, 1, 0, 1, 0], [0, 2, 0, 4, 0, 0, 0, 1, 0, 1, 0], [0, 2, 2, 2, 2, 2, 2, 1, 1, 1, 0], [0, 0, 0, 2, 0, 2, 0, 2, 0, 0, 0], [0, 2, 2, 2, 0, 2, 0, 2, 2, 2, 0], [0, 2, 0, 2, 2, 2, 2, 2, 0, 2, 0], [0, 2, 0, 0, 0, 2, 0, 0, 0, 2, 0], [0, 3, 2, 2, 2, 2, 2, 2, 2, 2, 0], [0, 0, 0, 0, 0, 0, 0, 0, 0, 0, 0]]"
2026-05-26T19:28:25.176335,0,South,454.0,False,False,False,"[[0, 0, 0, 0, 0, 0, 0, 0, 0, 0, 0], [0, 1, 1, 1, 4, 1, 1, 1, 1, 1, 0], [0, 1, 0, 0, 0, 1, 0, 0, 0, 1, 0], [0, 1, 0, 1, 1, 1, 5, 1, 0, 1, 0], [0, 1, 1, 1, 0, 2, 0, 1, 1, 1, 0], [0, 0, 0, 2, 0, 2, 0, 1, 0, 0, 0], [0, 1, 1, 1, 1, 1, 1, 1, 1, 1, 0], [0, 1, 0, 2, 0, 0, 0, 1, 0, 1, 0], [0, 1, 0, 2, 0, 1, 0, 1, 0, 1, 0], [0, 1, 0, 2, 0, 1, 1, 1, 0, 1, 0], [0, 2, 0, 2, 0, 1, 1, 1, 0, 1, 0], [0, 2, 0, 2, 0, 1, 0, 1, 0, 1, 0], [0, 2, 0, 2, 0, 0, 0, 1, 0, 1, 0], [0, 2, 2, 4, 2, 2, 2, 1, 1, 1, 0], [0, 0, 0, 2, 0, 2, 0, 2, 0, 0, 0], [0, 2, 2, 2, 0, 2, 0, 2, 2, 2, 0], [0, 2, 0, 2, 2, 2, 2, 2, 0, 2, 0], [0, 2, 0, 0, 0, 2, 0, 0, 0, 2, 0], [0, 3, 2, 2, 2, 2, 2, 2, 2, 2, 0], [0, 0, 0, 0, 0, 0, 0, 0, 0, 0, 0]]"
2026-05-26T19:28:25.695388,0,East,453.0,False,False,False,"[[0, 0, 0, 0, 0, 0, 0, 0, 0, 0, 0], [0, 1, 1, 4, 1, 1, 1, 1, 1, 1, 0], [0, 1, 0, 0, 0, 1, 0, 0, 0, 1, 0], [0, 1, 0, 1, 1, 5, 1, 1, 0, 1, 0], [0, 1, 1, 1, 0, 2, 0, 1, 1, 1, 0], [0, 0, 0, 2, 0, 2, 0, 1, 0, 0, 0], [0, 1, 1, 1, 1, 1, 1, 1, 1, 1, 0], [0, 1, 0, 2, 0, 0, 0, 1, 0, 1, 0], [0, 1, 0, 2, 0, 1, 0, 1, 0, 1, 0], [0, 1, 0, 2, 0, 1, 1, 1, 0, 1, 0], [0, 2, 0, 2, 0, 1, 1, 1, 0, 1, 0], [0, 2, 0, 2, 0, 1, 0, 1, 0, 1, 0], [0, 2, 0, 2, 0, 0, 0, 1, 0, 1, 0], [0, 2, 2, 4, 2, 2, 2, 1, 1, 1, 0], [0, 0, 0, 2, 0, 2, 0, 2, 0, 0, 0], [0, 2, 2, 2, 0, 2, 0, 2, 2, 2, 0], [0, 2, 0, 2, 2, 2, 2, 2, 0, 2, 0], [0, 2, 0, 0, 0, 2, 0, 0, 0, 2, 0], [0, 3, 2, 2, 2, 2, 2, 2, 2, 2, 0], [0, 0, 0, 0, 0, 0, 0, 0, 0, 0, 0]]"
2026-05-26T19:28:26.213997,0,East,462.0,False,False,False,"[[0, 0, 0, 0, 0, 0, 0, 0, 0, 0, 0], [0, 1, 1, 4, 1, 1, 1, 1, 1, 1, 0], [0, 1, 0, 0, 0, 1, 0, 0, 0, 1, 0], [0, 1, 0, 1, 1, 1, 1, 1, 0, 1, 0], [0, 1, 1, 1, 0, 5, 0, 1, 1, 1, 0], [0, 0, 0, 2, 0, 2, 0, 1, 0, 0, 0], [0, 1, 1, 1, 1, 1, 1, 1, 1, 1, 0], [0, 1, 0, 2, 0, 0, 0, 1, 0, 1, 0], [0, 1, 0, 2, 0, 1, 0, 1, 0, 1, 0], [0, 1, 0, 2, 0, 1, 1, 1, 0, 1, 0], [0, 2, 0, 2, 0, 1, 1, 1, 0, 1, 0], [0, 2, 0, 2, 0, 1, 0, 1, 0, 1, 0], [0, 2, 0, 2, 0, 0, 0, 1, 0, 1, 0], [0, 2, 2, 2, 2, 2, 2, 1, 1, 1, 0], [0, 0, 0, 4, 0, 2, 0, 2, 0, 0, 0], [0, 2, 2, 2, 0, 2, 0, 2, 2, 2, 0], [0, 2, 0, 2, 2, 2, 2, 2, 0, 2, 0], [0, 2, 0, 0, 0, 2, 0, 0, 0, 2, 0], [0, 3, 2, 2, 2, 2, 2, 2, 2, 2, 0], [0, 0, 0, 0, 0, 0, 0, 0, 0, 0, 0]]"
2026-05-26T19:28:26.733317,0,East,471.0,False,False,False,"[[0, 0, 0, 0, 0, 0, 0, 0, 0, 0, 0], [0, 1, 4, 1, 1, 1, 1, 1, 1, 1, 0], [0, 1, 0, 0, 0, 1, 0, 0, 0, 1, 0], [0, 1, 0, 1, 1, 1, 1, 1, 0, 1, 0], [0, 1, 1, 1, 0, 1, 0, 1, 1, 1, 0], [0, 0, 0, 2, 0, 5, 0, 1, 0, 0, 0], [0, 1, 1, 1, 1, 1, 1, 1, 1, 1, 0], [0, 1, 0, 2, 0, 0, 0, 1, 0, 1, 0], [0, 1, 0, 2, 0, 1, 0, 1, 0, 1, 0], [0, 1, 0, 2, 0, 1, 1, 1, 0, 1, 0], [0, 2, 0, 2, 0, 1, 1, 1, 0, 1, 0], [0, 2, 0, 2, 0, 1, 0, 1, 0, 1, 0], [0, 2, 0, 2, 0, 0, 0, 1, 0, 1, 0], [0, 2, 2, 2, 2, 2, 2, 1, 1, 1, 0], [0, 0, 0, 4, 0, 2, 0, 2, 0, 0, 0], [0, 2, 2, 2, 0, 2, 0, 2, 2, 2, 0], [0, 2, 0, 2, 2, 2, 2, 2, 0, 2, 0], [0, 2, 0, 0, 0, 2, 0, 0, 0, 2, 0], [0, 3, 2, 2, 2, 2, 2, 2, 2, 2, 0], [0, 0, 0, 0, 0, 0, 0, 0, 0, 0, 0]]"
2026-05-26T19:28:27.251305,0,South,470.0,False,False,False,"[[0, 0, 0, 0, 0, 0, 0, 0, 0, 0, 0], [0, 1, 4, 1, 1, 1, 1, 1, 1, 1, 0], [0, 1, 0, 0, 0, 1, 0, 0, 0, 1, 0], [0, 1, 0, 1, 1, 1, 1, 1, 0, 1, 0], [0, 1, 1, 1, 0, 1, 0, 1, 1, 1, 0], [0, 0, 0, 2, 0, 1, 0, 1, 0, 0, 0], [0, 1, 1, 1, 1, 5, 1, 1, 1, 1, 0], [0, 1, 0, 2, 0, 0, 0, 1, 0, 1, 0], [0, 1, 0, 2, 0, 1, 0, 1, 0, 1, 0], [0, 1, 0, 2, 0, 1, 1, 1, 0, 1, 0], [0, 2, 0, 2, 0, 1, 1, 1, 0, 1, 0], [0, 2, 0, 2, 0, 1, 0, 1, 0, 1, 0], [0, 2, 0, 2, 0, 0, 0, 1, 0, 1, 0], [0, 2, 2, 2, 2, 2, 2, 1, 1, 1, 0], [0, 0, 0, 2, 0, 2, 0, 2, 0, 0, 0], [0, 2, 2, 4, 0, 2, 0, 2, 2, 2, 0], [0, 2, 0, 2, 2, 2, 2, 2, 0, 2, 0], [0, 2, 0, 0, 0, 2, 0, 0, 0, 2, 0], [0, 3, 2, 2, 2, 2, 2, 2, 2, 2, 0], [0, 0, 0, 0, 0, 0, 0, 0, 0, 0, 0]]"
2026-05-26T19:28:27.768696,0,South,469.0,False,False,False,"[[0, 0, 0, 0, 0, 0, 0, 0, 0, 0, 0], [0, 4, 1, 1, 1, 1, 1, 1, 1, 1, 0], [0, 1, 0, 0, 0, 1, 0, 0, 0, 1, 0], [0, 1, 0, 1, 1, 1, 1, 1, 0, 1, 0], [0, 1, 1, 1, 0, 1, 0, 1, 1, 1, 0], [0, 0, 0, 2, 0, 1, 0, 1, 0, 0, 0], [0, 1, 1, 1, 5, 1, 1, 1, 1, 1, 0], [0, 1, 0, 2, 0, 0, 0, 1, 0, 1, 0], [0, 1, 0, 2, 0, 1, 0, 1, 0, 1, 0], [0, 1, 0, 2, 0, 1, 1, 1, 0, 1, 0], [0, 2, 0, 2, 0, 1, 1, 1, 0, 1, 0], [0, 2, 0, 2, 0, 1, 0, 1, 0, 1, 0], [0, 2, 0, 2, 0, 0, 0, 1, 0, 1, 0], [0, 2, 2, 2, 2, 2, 2, 1, 1, 1, 0], [0, 0, 0, 2, 0, 2, 0, 2, 0, 0, 0], [0, 2, 4, 2, 0, 2, 0, 2, 2, 2, 0], [0, 2, 0, 2, 2, 2, 2, 2, 0, 2, 0], [0, 2, 0, 0, 0, 2, 0, 0, 0, 2, 0], [0, 3, 2, 2, 2, 2, 2, 2, 2, 2, 0], [0, 0, 0, 0, 0, 0, 0, 0, 0, 0, 0]]"
2026-05-26T19:28:28.288185,0,West,468.0,False,False,False,"[[0, 0, 0, 0, 0, 0, 0, 0, 0, 0, 0], [0, 4, 1, 1, 1, 1, 1, 1, 1, 1, 0], [0, 1, 0, 0, 0, 1, 0, 0, 0, 1, 0], [0, 1, 0, 1, 1, 1, 1, 1, 0, 1, 0], [0, 1, 1, 1, 0, 1, 0, 1, 1, 1, 0], [0, 0, 0, 2, 0, 1, 0, 1, 0, 0, 0], [0, 1, 1, 5, 1, 1, 1, 1, 1, 1, 0], [0, 1, 0, 2, 0, 0, 0, 1, 0, 1, 0], [0, 1, 0, 2, 0, 1, 0, 1, 0, 1, 0], [0, 1, 0, 2, 0, 1, 1, 1, 0, 1, 0], [0, 2, 0, 2, 0, 1, 1, 1, 0, 1, 0], [0, 2, 0, 2, 0, 1, 0, 1, 0, 1, 0], [0, 2, 0, 2, 0, 0, 0, 1, 0, 1, 0], [0, 2, 2, 2, 2, 2, 2, 1, 1, 1, 0], [0, 0, 0, 2, 0, 2, 0, 2, 0, 0, 0], [0, 2, 4, 2, 0, 2, 0, 2, 2, 2, 0], [0, 2, 0, 2, 2, 2, 2, 2, 0, 2, 0], [0, 2, 0, 0, 0, 2, 0, 0, 0, 2, 0], [0, 3, 2, 2, 2, 2, 2, 2, 2, 2, 0], [0, 0, 0, 0, 0, 0, 0, 0, 0, 0, 0]]"
2026-05-26T19:28:28.807332,0,East,477.0,False,False,False,"[[0, 0, 0, 0, 0, 0, 0, 0, 0, 0, 0], [0, 4, 1, 1, 1, 1, 1, 1, 1, 1, 0], [0, 1, 0, 0, 0, 1, 0, 0, 0, 1, 0], [0, 1, 0, 1, 1, 1, 1, 1, 0, 1, 0], [0, 1, 1, 1, 0, 1, 0, 1, 1, 1, 0], [0, 0, 0, 5, 0, 1, 0, 1, 0, 0, 0], [0, 1, 1, 1, 1, 1, 1, 1, 1, 1, 0], [0, 1, 0, 2, 0, 0, 0, 1, 0, 1, 0], [0, 1, 0, 2, 0, 1, 0, 1, 0, 1, 0], [0, 1, 0, 2, 0, 1, 1, 1, 0, 1, 0], [0, 2, 0, 2, 0, 1, 1, 1, 0, 1, 0], [0, 2, 0, 2, 0, 1, 0, 1, 0, 1, 0], [0, 2, 0, 2, 0, 0, 0, 1, 0, 1, 0], [0, 2, 2, 2, 2, 2, 2, 1, 1, 1, 0], [0, 0, 0, 2, 0, 2, 0, 2, 0, 0, 0], [0, 4, 2, 2, 0, 2, 0, 2, 2, 2, 0], [0, 2, 0, 2, 2, 2, 2, 2, 0, 2, 0], [0, 2, 0, 0, 0, 2, 0, 0, 0, 2, 0], [0, 3, 2, 2, 2, 2, 2, 2, 2, 2, 0], [0, 0, 0, 0, 0, 0, 0, 0, 0, 0, 0]]"
2026-05-26T19:28:29.324680,0,East,476.0,False,False,False,"[[0, 0, 0, 0, 0, 0, 0, 0, 0, 0, 0], [0, 1, 1, 1, 1, 1, 1, 1, 1, 1, 0], [0, 4, 0, 0, 0, 1, 0, 0, 0, 1, 0], [0, 1, 0, 1, 1, 1, 1, 1, 0, 1, 0], [0, 1, 1, 1, 0, 1, 0, 1, 1, 1, 0], [0, 0, 0, 1, 0, 1, 0, 1, 0, 0, 0], [0, 1, 1, 5, 1, 1, 1, 1, 1, 1, 0], [0, 1, 0, 2, 0, 0, 0, 1, 0, 1, 0], [0, 1, 0, 2, 0, 1, 0, 1, 0, 1, 0], [0, 1, 0, 2, 0, 1, 1, 1, 0, 1, 0], [0, 2, 0, 2, 0, 1, 1, 1, 0, 1, 0], [0, 2, 0, 2, 0, 1, 0, 1, 0, 1, 0], [0, 2, 0, 2, 0, 0, 0, 1, 0, 1, 0], [0, 2, 2, 2, 2, 2, 2, 1, 1, 1, 0], [0, 0, 0, 2, 0, 2, 0, 2, 0, 0, 0], [0, 4, 2, 2, 0, 2, 0, 2, 2, 2, 0], [0, 2, 0, 2, 2, 2, 2, 2, 0, 2, 0], [0, 2, 0, 0, 0, 2, 0, 0, 0, 2, 0], [0, 3, 2, 2, 2, 2, 2, 2, 2, 2, 0], [0, 0, 0, 0, 0, 0, 0, 0, 0, 0, 0]]"
2026-05-26T19:28:29.843614,0,East,485.0,False,False,False,"[[0, 0, 0, 0, 0, 0, 0, 0, 0, 0, 0], [0, 1, 1, 1, 1, 1, 1, 1, 1, 1, 0], [0, 4, 0, 0, 0, 1, 0, 0, 0, 1, 0], [0, 1, 0, 1, 1, 1, 1, 1, 0, 1, 0], [0, 1, 1, 1, 0, 1, 0, 1, 1, 1, 0], [0, 0, 0, 1, 0, 1, 0, 1, 0, 0, 0], [0, 1, 1, 1, 1, 1, 1, 1, 1, 1, 0], [0, 1, 0, 5, 0, 0, 0, 1, 0, 1, 0], [0, 1, 0, 2, 0, 1, 0, 1, 0, 1, 0], [0, 1, 0, 2, 0, 1, 1, 1, 0, 1, 0], [0, 2, 0, 2, 0, 1, 1, 1, 0, 1, 0], [0, 2, 0, 2, 0, 1, 0, 1, 0, 1, 0], [0, 2, 0, 2, 0, 0, 0, 1, 0, 1, 0], [0, 2, 2, 2, 2, 2, 2, 1, 1, 1, 0], [0, 0, 0, 2, 0, 2, 0, 2, 0, 0, 0], [0, 4, 2, 2, 0, 2, 0, 2, 2, 2, 0], [0, 2, 0, 2, 2, 2, 2, 2, 0, 2, 0], [0, 2, 0, 0, 0, 2, 0, 0, 0, 2, 0], [0, 3, 2, 2, 2, 2, 2, 2, 2, 2, 0], [0, 0, 0, 0, 0, 0, 0, 0, 0, 0, 0]]"
2026-05-26T19:28:30.362892,0,East,494.0,False,False,False,"[[0, 0, 0, 0, 0, 0, 0, 0, 0, 0, 0], [0, 1, 1, 1, 1, 1, 1, 1, 1, 1, 0], [0, 1, 0, 0, 0, 1, 0, 0, 0, 1, 0], [0, 4, 0, 1, 1, 1, 1, 1, 0, 1, 0], [0, 1, 1, 1, 0, 1, 0, 1, 1, 1, 0], [0, 0, 0, 1, 0, 1, 0, 1, 0, 0, 0], [0, 1, 1, 1, 1, 1, 1, 1, 1, 1, 0], [0, 1, 0, 1, 0, 0, 0, 1, 0, 1, 0], [0, 1, 0, 5, 0, 1, 0, 1, 0, 1, 0], [0, 1, 0, 2, 0, 1, 1, 1, 0, 1, 0], [0, 2, 0, 2, 0, 1, 1, 1, 0, 1, 0], [0, 2, 0, 2, 0, 1, 0, 1, 0, 1, 0], [0, 2, 0, 2, 0, 0, 0, 1, 0, 1, 0], [0, 2, 2, 2, 2, 2, 2, 1, 1, 1, 0], [0, 0, 0, 2, 0, 2, 0, 2, 0, 0, 0], [0, 2, 2, 2, 0, 2, 0, 2, 2, 2, 0], [0, 4, 0, 2, 2, 2, 2, 2, 0, 2, 0], [0, 2, 0, 0, 0, 2, 0, 0, 0, 2, 0], [0, 3, 2, 2, 2, 2, 2, 2, 2, 2, 0], [0, 0, 0, 0, 0, 0, 0, 0, 0, 0, 0]]"
2026-05-26T19:28:30.880302,0,East,503.0,False,False,False,"[[0, 0, 0, 0, 0, 0, 0, 0, 0, 0, 0], [0, 1, 1, 1, 1, 1, 1, 1, 1, 1, 0], [0, 1, 0, 0, 0, 1, 0, 0, 0, 1, 0], [0, 4, 0, 1, 1, 1, 1, 1, 0, 1, 0], [0, 1, 1, 1, 0, 1, 0, 1, 1, 1, 0], [0, 0, 0, 1, 0, 1, 0, 1, 0, 0, 0], [0, 1, 1, 1, 1, 1, 1, 1, 1, 1, 0], [0, 1, 0, 1, 0, 0, 0, 1, 0, 1, 0], [0, 1, 0, 1, 0, 1, 0, 1, 0, 1, 0], [0, 1, 0, 5, 0, 1, 1, 1, 0, 1, 0], [0, 2, 0, 2, 0, 1, 1, 1, 0, 1, 0], [0, 2, 0, 2, 0, 1, 0, 1, 0, 1, 0], [0, 2, 0, 2, 0, 0, 0, 1, 0, 1, 0], [0, 2, 2, 2, 2, 2, 2, 1, 1, 1, 0], [0, 0, 0, 2, 0, 2, 0, 2, 0, 0, 0], [0, 2, 2, 2, 0, 2, 0, 2, 2, 2, 0], [0, 4, 0, 2, 2, 2, 2, 2, 0, 2, 0], [0, 2, 0, 0, 0, 2, 0, 0, 0, 2, 0], [0, 3, 2, 2, 2, 2, 2, 2, 2, 2, 0], [0, 0, 0, 0, 0, 0, 0, 0, 0, 0, 0]]"
2026-05-26T19:28:31.396349,0,East,512.0,False,False,False,"[[0, 0, 0, 0, 0, 0, 0, 0, 0, 0, 0], [0, 1, 1, 1, 1, 1, 1, 1, 1, 1, 0], [0, 1, 0, 0, 0, 1, 0, 0, 0, 1, 0], [0, 1, 0, 1, 1, 1, 1, 1, 0, 1, 0], [0, 4, 1, 1, 0, 1, 0, 1, 1, 1, 0], [0, 0, 0, 1, 0, 1, 0, 1, 0, 0, 0], [0, 1, 1, 1, 1, 1, 1, 1, 1, 1, 0], [0, 1, 0, 1, 0, 0, 0, 1, 0, 1, 0], [0, 1, 0, 1, 0, 1, 0, 1, 0, 1, 0], [0, 1, 0, 1, 0, 1, 1, 1, 0, 1, 0], [0, 2, 0, 5, 0, 1, 1, 1, 0, 1, 0], [0, 2, 0, 2, 0, 1, 0, 1, 0, 1, 0], [0, 2, 0, 2, 0, 0, 0, 1, 0, 1, 0], [0, 2, 2, 2, 2, 2, 2, 1, 1, 1, 0], [0, 0, 0, 2, 0, 2, 0, 2, 0, 0, 0], [0, 2, 2, 2, 0, 2, 0, 2, 2, 2, 0], [0, 2, 0, 2, 2, 2, 2, 2, 0, 2, 0], [0, 4, 0, 0, 0, 2, 0, 0, 0, 2, 0], [0, 3, 2, 2, 2, 2, 2, 2, 2, 2, 0], [0, 0, 0, 0, 0, 0, 0, 0, 0, 0, 0]]"
2026-05-26T19:28:31.915050,0,East,521.0,False,False,False,"[[0, 0, 0, 0, 0, 0, 0, 0, 0, 0, 0], [0, 1, 1, 1, 1, 1, 1, 1, 1, 1, 0], [0, 1, 0, 0, 0, 1, 0, 0, 0, 1, 0], [0, 1, 0, 1, 1, 1, 1, 1, 0, 1, 0], [0, 4, 1, 1, 0, 1, 0, 1, 1, 1, 0], [0, 0, 0, 1, 0, 1, 0, 1, 0, 0, 0], [0, 1, 1, 1, 1, 1, 1, 1, 1, 1, 0], [0, 1, 0, 1, 0, 0, 0, 1, 0, 1, 0], [0, 1, 0, 1, 0, 1, 0, 1, 0, 1, 0], [0, 1, 0, 1, 0, 1, 1, 1, 0, 1, 0], [0, 2, 0, 1, 0, 1, 1, 1, 0, 1, 0], [0, 2, 0, 5, 0, 1, 0, 1, 0, 1, 0], [0, 2, 0, 2, 0, 0, 0, 1, 0, 1, 0], [0, 2, 2, 2, 2, 2, 2, 1, 1, 1, 0], [0, 0, 0, 2, 0, 2, 0, 2, 0, 0, 0], [0, 2, 2, 2, 0, 2, 0, 2, 2, 2, 0], [0, 2, 0, 2, 2, 2, 2, 2, 0, 2, 0], [0, 4, 0, 0, 0, 2, 0, 0, 0, 2, 0], [0, 3, 2, 2, 2, 2, 2, 2, 2, 2, 0], [0, 0, 0, 0, 0, 0, 0, 0, 0, 0, 0]]"
2026-05-26T19:28:32.434812,0,East,530.0,False,False,False,"[[0, 0, 0, 0, 0, 0, 0, 0, 0, 0, 0], [0, 1, 1, 1, 1, 1, 1, 1, 1, 1, 0], [0, 1, 0, 0, 0, 1, 0, 0, 0, 1, 0], [0, 1, 0, 1, 1, 1, 1, 1, 0, 1, 0], [0, 1, 4, 1, 0, 1, 0, 1, 1, 1, 0], [0, 0, 0, 1, 0, 1, 0, 1, 0, 0, 0], [0, 1, 1, 1, 1, 1, 1, 1, 1, 1, 0], [0, 1, 0, 1, 0, 0, 0, 1, 0, 1, 0], [0, 1, 0, 1, 0, 1, 0, 1, 0, 1, 0], [0, 1, 0, 1, 0, 1, 1, 1, 0, 1, 0], [0, 2, 0, 1, 0, 1, 1, 1, 0, 1, 0], [0, 2, 0, 1, 0, 1, 0, 1, 0, 1, 0], [0, 2, 0, 5, 0, 0, 0, 1, 0, 1, 0], [0, 2, 2, 2, 2, 2, 2, 1, 1, 1, 0], [0, 0, 0, 2, 0, 2, 0, 2, 0, 0, 0], [0, 2, 2, 2, 0, 2, 0, 2, 2, 2, 0], [0, 2, 0, 2, 2, 2, 2, 2, 0, 2, 0], [0, 2, 0, 0, 0, 2, 0, 0, 0, 2, 0], [0, 4, 2, 2, 2, 2, 2, 2, 2, 2, 0], [0, 0, 0, 0, 0, 0, 0, 0, 0, 0, 0]]"
2026-05-26T19:28:32.953890,0,South,539.0,False,False,False,"[[0, 0, 0, 0, 0, 0, 0, 0, 0, 0, 0], [0, 1, 1, 1, 1, 1, 1, 1, 1, 1, 0], [0, 1, 0, 0, 0, 1, 0, 0, 0, 1, 0], [0, 1, 0, 1, 1, 1, 1, 1, 0, 1, 0], [0, 1, 4, 1, 0, 1, 0, 1, 1, 1, 0], [0, 0, 0, 1, 0, 1, 0, 1, 0, 0, 0], [0, 1, 1, 1, 1, 1, 1, 1, 1, 1, 0], [0, 1, 0, 1, 0, 0, 0, 1, 0, 1, 0], [0, 1, 0, 1, 0, 1, 0, 1, 0, 1, 0], [0, 1, 0, 1, 0, 1, 1, 1, 0, 1, 0], [0, 2, 0, 1, 0, 1, 1, 1, 0, 1, 0], [0, 2, 0, 1, 0, 1, 0, 1, 0, 1, 0], [0, 2, 0, 1, 0, 0, 0, 1, 0, 1, 0], [0, 2, 2, 5, 2, 2, 2, 1, 1, 1, 0], [0, 0, 0, 2, 0, 2, 0, 2, 0, 0, 0], [0, 2, 2, 2, 0, 2, 0, 2, 2, 2, 0], [0, 2, 0, 2, 2, 2, 2, 2, 0, 2, 0], [0, 2, 0, 0, 0, 2, 0, 0, 0, 2, 0], [0, 4, 2, 2, 2, 2, 2, 2, 2, 2, 0], [0, 0, 0, 0, 0, 0, 0, 0, 0, 0, 0]]"
2026-05-26T19:28:33.472334,0,South,548.0,False,False,False,"[[0, 0, 0, 0, 0, 0, 0, 0, 0, 0, 0], [0, 1, 1, 1, 1, 1, 1, 1, 1, 1, 0], [0, 1, 0, 0, 0, 1, 0, 0, 0, 1, 0], [0, 1, 0, 1, 1, 1, 1, 1, 0, 1, 0], [0, 1, 1, 4, 0, 1, 0, 1, 1, 1, 0], [0, 0, 0, 1, 0, 1, 0, 1, 0, 0, 0], [0, 1, 1, 1, 1, 1, 1, 1, 1, 1, 0], [0, 1, 0, 1, 0, 0, 0, 1, 0, 1, 0], [0, 1, 0, 1, 0, 1, 0, 1, 0, 1, 0], [0, 1, 0, 1, 0, 1, 1, 1, 0, 1, 0], [0, 2, 0, 1, 0, 1, 1, 1, 0, 1, 0], [0, 2, 0, 1, 0, 1, 0, 1, 0, 1, 0], [0, 2, 0, 1, 0, 0, 0, 1, 0, 1, 0], [0, 2, 5, 1, 2, 2, 2, 1, 1, 1, 0], [0, 0, 0, 2, 0, 2, 0, 2, 0, 0, 0], [0, 2, 2, 2, 0, 2, 0, 2, 2, 2, 0], [0, 2, 0, 2, 2, 2, 2, 2, 0, 2, 0], [0, 2, 0, 0, 0, 2, 0, 0, 0, 2, 0], [0, 3, 4, 2, 2, 2, 2, 2, 2, 2, 0], [0, 0, 0, 0, 0, 0, 0, 0, 0, 0, 0]]"
2026-05-26T19:28:33.989653,0,West,557.0,False,False,False,"[[0, 0, 0, 0, 0, 0, 0, 0, 0, 0, 0], [0, 1, 1, 1, 1, 1, 1, 1, 1, 1, 0], [0, 1, 0, 0, 0, 1, 0, 0, 0, 1, 0], [0, 1, 0, 4, 1, 1, 1, 1, 0, 1, 0], [0, 1, 1, 1, 0, 1, 0, 1, 1, 1, 0], [0, 0, 0, 1, 0, 1, 0, 1, 0, 0, 0], [0, 1, 1, 1, 1, 1, 1, 1, 1, 1, 0], [0, 1, 0, 1, 0, 0, 0, 1, 0, 1, 0], [0, 1, 0, 1, 0, 1, 0, 1, 0, 1, 0], [0, 1, 0, 1, 0, 1, 1, 1, 0, 1, 0], [0, 2, 0, 1, 0, 1, 1, 1, 0, 1, 0], [0, 2, 0, 1, 0, 1, 0, 1, 0, 1, 0], [0, 2, 0, 1, 0, 0, 0, 1, 0, 1, 0], [0, 5, 1, 1, 2, 2, 2, 1, 1, 1, 0], [0, 0, 0, 2, 0, 2, 0, 2, 0, 0, 0], [0, 2, 2, 2, 0, 2, 0, 2, 2, 2, 0], [0, 2, 0, 2, 2, 2, 2, 2, 0, 2, 0], [0, 2, 0, 0, 0, 2, 0, 0, 0, 2, 0], [0, 3, 4, 2, 2, 2, 2, 2, 2, 2, 0], [0, 0, 0, 0, 0, 0, 0, 0, 0, 0, 0]]"
2026-05-26T19:28:34.509196,0,West,566.0,False,False,False,"[[0, 0, 0, 0, 0, 0, 0, 0, 0, 0, 0], [0, 1, 1, 1, 1, 1, 1, 1, 1, 1, 0], [0, 1, 0, 0, 0, 1, 0, 0, 0, 1, 0], [0, 1, 0, 4, 1, 1, 1, 1, 0, 1, 0], [0, 1, 1, 1, 0, 1, 0, 1, 1, 1, 0], [0, 0, 0, 1, 0, 1, 0, 1, 0, 0, 0], [0, 1, 1, 1, 1, 1, 1, 1, 1, 1, 0], [0, 1, 0, 1, 0, 0, 0, 1, 0, 1, 0], [0, 1, 0, 1, 0, 1, 0, 1, 0, 1, 0], [0, 1, 0, 1, 0, 1, 1, 1, 0, 1, 0], [0, 2, 0, 1, 0, 1, 1, 1, 0, 1, 0], [0, 2, 0, 1, 0, 1, 0, 1, 0, 1, 0], [0, 5, 0, 1, 0, 0, 0, 1, 0, 1, 0], [0, 1, 1, 1, 2, 2, 2, 1, 1, 1, 0], [0, 0, 0, 2, 0, 2, 0, 2, 0, 0, 0], [0, 2, 2, 2, 0, 2, 0, 2, 2, 2, 0], [0, 2, 0, 2, 2, 2, 2, 2, 0, 2, 0], [0, 2, 0, 0, 0, 2, 0, 0, 0, 2, 0], [0, 3, 2, 4, 2, 2, 2, 2, 2, 2, 0], [0, 0, 0, 0, 0, 0, 0, 0, 0, 0, 0]]"
2026-05-26T19:28:35.029312,0,West,575.0,False,False,False,"[[0, 0, 0, 0, 0, 0, 0, 0, 0, 0, 0], [0, 1, 1, 1, 1, 1, 1, 1, 1, 1, 0], [0, 1, 0, 0, 0, 1, 0, 0, 0, 1, 0], [0, 1, 0, 1, 4, 1, 1, 1, 0, 1, 0], [0, 1, 1, 1, 0, 1, 0, 1, 1, 1, 0], [0, 0, 0, 1, 0, 1, 0, 1, 0, 0, 0], [0, 1, 1, 1, 1, 1, 1, 1, 1, 1, 0], [0, 1, 0, 1, 0, 0, 0, 1, 0, 1, 0], [0, 1, 0, 1, 0, 1, 0, 1, 0, 1, 0], [0, 1, 0, 1, 0, 1, 1, 1, 0, 1, 0], [0, 2, 0, 1, 0, 1, 1, 1, 0, 1, 0], [0, 5, 0, 1, 0, 1, 0, 1, 0, 1, 0], [0, 1, 0, 1, 0, 0, 0, 1, 0, 1, 0], [0, 1, 1, 1, 2, 2, 2, 1, 1, 1, 0], [0, 0, 0, 2, 0, 2, 0, 2, 0, 0, 0], [0, 2, 2, 2, 0, 2, 0, 2, 2, 2, 0], [0, 2, 0, 2, 2, 2, 2, 2, 0, 2, 0], [0, 2, 0, 0, 0, 2, 0, 0, 0, 2, 0], [0, 3, 2, 2, 4, 2, 2, 2, 2, 2, 0], [0, 0, 0, 0, 0, 0, 0, 0, 0, 0, 0]]"
2026-05-26T19:28:35.547825,0,East,584.0,False,False,False,"[[0, 0, 0, 0, 0, 0, 0, 0, 0, 0, 0], [0, 1, 1, 1, 1, 1, 1, 1, 1, 1, 0], [0, 1, 0, 0, 0, 1, 0, 0, 0, 1, 0], [0, 1, 0, 1, 1, 4, 1, 1, 0, 1, 0], [0, 1, 1, 1, 0, 1, 0, 1, 1, 1, 0], [0, 0, 0, 1, 0, 1, 0, 1, 0, 0, 0], [0, 1, 1, 1, 1, 1, 1, 1, 1, 1, 0], [0, 1, 0, 1, 0, 0, 0, 1, 0, 1, 0], [0, 1, 0, 1, 0, 1, 0, 1, 0, 1, 0], [0, 1, 0, 1, 0, 1, 1, 1, 0, 1, 0], [0, 5, 0, 1, 0, 1, 1, 1, 0, 1, 0], [0, 1, 0, 1, 0, 1, 0, 1, 0, 1, 0], [0, 1, 0, 1, 0, 0, 0, 1, 0, 1, 0], [0, 1, 1, 1, 2, 2, 2, 1, 1, 1, 0], [0, 0, 0, 2, 0, 2, 0, 2, 0, 0, 0], [0, 2, 2, 2, 0, 2, 0, 2, 2, 2, 0], [0, 2, 0, 2, 2, 2, 2, 2, 0, 2, 0], [0, 2, 0, 0, 0, 2, 0, 0, 0, 2, 0], [0, 3, 2, 2, 2, 4, 2, 2, 2, 2, 0], [0, 0, 0, 0, 0, 0, 0, 0, 0, 0, 0]]"
2026-05-26T19:28:36.066014,0,East,583.0,False,False,False,"[[0, 0, 0, 0, 0, 0, 0, 0, 0, 0, 0], [0, 1, 1, 1, 1, 1, 1, 1, 1, 1, 0], [0, 1, 0, 0, 0, 1, 0, 0, 0, 1, 0], [0, 1, 0, 1, 1, 1, 4, 1, 0, 1, 0], [0, 1, 1, 1, 0, 1, 0, 1, 1, 1, 0], [0, 0, 0, 1, 0, 1, 0, 1, 0, 0, 0], [0, 1, 1, 1, 1, 1, 1, 1, 1, 1, 0], [0, 1, 0, 1, 0, 0, 0, 1, 0, 1, 0], [0, 1, 0, 1, 0, 1, 0, 1, 0, 1, 0], [0, 1, 0, 1, 0, 1, 1, 1, 0, 1, 0], [0, 1, 0, 1, 0, 1, 1, 1, 0, 1, 0], [0, 5, 0, 1, 0, 1, 0, 1, 0, 1, 0], [0, 1, 0, 1, 0, 0, 0, 1, 0, 1, 0], [0, 1, 1, 1, 2, 2, 2, 1, 1, 1, 0], [0, 0, 0, 2, 0, 2, 0, 2, 0, 0, 0], [0, 2, 2, 2, 0, 2, 0, 2, 2, 2, 0], [0, 2, 0, 2, 2, 2, 2, 2, 0, 2, 0], [0, 2, 0, 0, 0, 4, 0, 0, 0, 2, 0], [0, 3, 2, 2, 2, 2, 2, 2, 2, 2, 0], [0, 0, 0, 0, 0, 0, 0, 0, 0, 0, 0]]"
2026-05-26T19:28:36.585963,0,East,582.0,False,False,False,"[[0, 0, 0, 0, 0, 0, 0, 0, 0, 0, 0], [0, 1, 1, 1, 1, 1, 1, 1, 1, 1, 0], [0, 1, 0, 0, 0, 1, 0, 0, 0, 1, 0], [0, 1, 0, 1, 1, 1, 1, 4, 0, 1, 0], [0, 1, 1, 1, 0, 1, 0, 1, 1, 1, 0], [0, 0, 0, 1, 0, 1, 0, 1, 0, 0, 0], [0, 1, 1, 1, 1, 1, 1, 1, 1, 1, 0], [0, 1, 0, 1, 0, 0, 0, 1, 0, 1, 0], [0, 1, 0, 1, 0, 1, 0, 1, 0, 1, 0], [0, 1, 0, 1, 0, 1, 1, 1, 0, 1, 0], [0, 1, 0, 1, 0, 1, 1, 1, 0, 1, 0], [0, 1, 0, 1, 0, 1, 0, 1, 0, 1, 0], [0, 5, 0, 1, 0, 0, 0, 1, 0, 1, 0], [0, 1, 1, 1, 2, 2, 2, 1, 1, 1, 0], [0, 0, 0, 2, 0, 2, 0, 2, 0, 0, 0], [0, 2, 2, 2, 0, 2, 0, 2, 2, 2, 0], [0, 2, 0, 2, 2, 4, 2, 2, 0, 2, 0], [0, 2, 0, 0, 0, 2, 0, 0, 0, 2, 0], [0, 3, 2, 2, 2, 2, 2, 2, 2, 2, 0], [0, 0, 0, 0, 0, 0, 0, 0, 0, 0, 0]]"
2026-05-26T19:28:37.104155,0,North,581.0,False,False,False,"[[0, 0, 0, 0, 0, 0, 0, 0, 0, 0, 0], [0, 1, 1, 1, 1, 1, 1, 1, 1, 1, 0], [0, 1, 0, 0, 0, 1, 0, 0, 0, 1, 0], [0, 1, 0, 1, 1, 1, 1, 1, 0, 1, 0], [0, 1, 1, 1, 0, 1, 0, 4, 1, 1, 0], [0, 0, 0, 1, 0, 1, 0, 1, 0, 0, 0], [0, 1, 1, 1, 1, 1, 1, 1, 1, 1, 0], [0, 1, 0, 1, 0, 0, 0, 1, 0, 1, 0], [0, 1, 0, 1, 0, 1, 0, 1, 0, 1, 0], [0, 1, 0, 1, 0, 1, 1, 1, 0, 1, 0], [0, 1, 0, 1, 0, 1, 1, 1, 0, 1, 0], [0, 1, 0, 1, 0, 1, 0, 1, 0, 1, 0], [0, 1, 0, 1, 0, 0, 0, 1, 0, 1, 0], [0, 5, 1, 1, 2, 2, 2, 1, 1, 1, 0], [0, 0, 0, 2, 0, 2, 0, 2, 0, 0, 0], [0, 2, 2, 2, 0, 2, 0, 2, 2, 2, 0], [0, 2, 0, 2, 4, 2, 2, 2, 0, 2, 0], [0, 2, 0, 0, 0, 2, 0, 0, 0, 2, 0], [0, 3, 2, 2, 2, 2, 2, 2, 2, 2, 0], [0, 0, 0, 0, 0, 0, 0, 0, 0, 0, 0]]"
2026-05-26T19:28:37.621783,0,North,580.0,False,False,False,"[[0, 0, 0, 0, 0, 0, 0, 0, 0, 0, 0], [0, 1, 1, 1, 1, 1, 1, 1, 1, 1, 0], [0, 1, 0, 0, 0, 1, 0, 0, 0, 1, 0], [0, 1, 0, 1, 1, 1, 1, 1, 0, 1, 0], [0, 1, 1, 1, 0, 1, 0, 1, 1, 1, 0], [0, 0, 0, 1, 0, 1, 0, 4, 0, 0, 0], [0, 1, 1, 1, 1, 1, 1, 1, 1, 1, 0], [0, 1, 0, 1, 0, 0, 0, 1, 0, 1, 0], [0, 1, 0, 1, 0, 1, 0, 1, 0, 1, 0], [0, 1, 0, 1, 0, 1, 1, 1, 0, 1, 0], [0, 1, 0, 1, 0, 1, 1, 1, 0, 1, 0], [0, 1, 0, 1, 0, 1, 0, 1, 0, 1, 0], [0, 1, 0, 1, 0, 0, 0, 1, 0, 1, 0], [0, 1, 5, 1, 2, 2, 2, 1, 1, 1, 0], [0, 0, 0, 2, 0, 2, 0, 2, 0, 0, 0], [0, 2, 2, 2, 0, 2, 0, 2, 2, 2, 0], [0, 2, 0, 4, 2, 2, 2, 2, 0, 2, 0], [0, 2, 0, 0, 0, 2, 0, 0, 0, 2, 0], [0, 3, 2, 2, 2, 2, 2, 2, 2, 2, 0], [0, 0, 0, 0, 0, 0, 0, 0, 0, 0, 0]]"
2026-05-26T19:28:38.141160,0,North,579.0,False,False,False,"[[0, 0, 0, 0, 0, 0, 0, 0, 0, 0, 0], [0, 1, 1, 1, 1, 1, 1, 1, 1, 1, 0], [0, 1, 0, 0, 0, 1, 0, 0, 0, 1, 0], [0, 1, 0, 1, 1, 1, 1, 1, 0, 1, 0], [0, 1, 1, 1, 0, 1, 0, 1, 1, 1, 0], [0, 0, 0, 1, 0, 1, 0, 1, 0, 0, 0], [0, 1, 1, 1, 1, 1, 1, 4, 1, 1, 0], [0, 1, 0, 1, 0, 0, 0, 1, 0, 1, 0], [0, 1, 0, 1, 0, 1, 0, 1, 0, 1, 0], [0, 1, 0, 1, 0, 1, 1, 1, 0, 1, 0], [0, 1, 0, 1, 0, 1, 1, 1, 0, 1, 0], [0, 1, 0, 1, 0, 1, 0, 1, 0, 1, 0], [0, 1, 0, 1, 0, 0, 0, 1, 0, 1, 0], [0, 1, 1, 5, 2, 2, 2, 1, 1, 1, 0], [0, 0, 0, 2, 0, 2, 0, 2, 0, 0, 0], [0, 2, 2, 4, 0, 2, 0, 2, 2, 2, 0], [0, 2, 0, 2, 2, 2, 2, 2, 0, 2, 0], [0, 2, 0, 0, 0, 2, 0, 0, 0, 2, 0], [0, 3, 2, 2, 2, 2, 2, 2, 2, 2, 0], [0, 0, 0, 0, 0, 0, 0, 0, 0, 0, 0]]"
2026-05-26T19:28:38.660878,0,North,588.0,False,False,False,"[[0, 0, 0, 0, 0, 0, 0, 0, 0, 0, 0], [0, 1, 1, 1, 1, 1, 1, 1, 1, 1, 0], [0, 1, 0, 0, 0, 1, 0, 0, 0, 1, 0], [0, 1, 0, 1, 1, 1, 1, 1, 0, 1, 0], [0, 1, 1, 1, 0, 1, 0, 1, 1, 1, 0], [0, 0, 0, 1, 0, 1, 0, 1, 0, 0, 0], [0, 1, 1, 1, 1, 1, 1, 1, 1, 1, 0], [0, 1, 0, 1, 0, 0, 0, 4, 0, 1, 0], [0, 1, 0, 1, 0, 1, 0, 1, 0, 1, 0], [0, 1, 0, 1, 0, 1, 1, 1, 0, 1, 0], [0, 1, 0, 1, 0, 1, 1, 1, 0, 1, 0], [0, 1, 0, 1, 0, 1, 0, 1, 0, 1, 0], [0, 1, 0, 1, 0, 0, 0, 1, 0, 1, 0], [0, 1, 1, 1, 5, 2, 2, 1, 1, 1, 0], [0, 0, 0, 4, 0, 2, 0, 2, 0, 0, 0], [0, 2, 2, 2, 0, 2, 0, 2, 2, 2, 0], [0, 2, 0, 2, 2, 2, 2, 2, 0, 2, 0], [0, 2, 0, 0, 0, 2, 0, 0, 0, 2, 0], [0, 3, 2, 2, 2, 2, 2, 2, 2, 2, 0], [0, 0, 0, 0, 0, 0, 0, 0, 0, 0, 0]]"
2026-05-26T19:28:39.179415,0,North,597.0,False,False,False,"[[0, 0, 0, 0, 0, 0, 0, 0, 0, 0, 0], [0, 1, 1, 1, 1, 1, 1, 1, 1, 1, 0], [0, 1, 0, 0, 0, 1, 0, 0, 0, 1, 0], [0, 1, 0, 1, 1, 1, 1, 1, 0, 1, 0], [0, 1, 1, 1, 0, 1, 0, 1, 1, 1, 0], [0, 0, 0, 1, 0, 1, 0, 1, 0, 0, 0], [0, 1, 1, 1, 1, 1, 1, 1, 1, 1, 0], [0, 1, 0, 1, 0, 0, 0, 1, 0, 1, 0], [0, 1, 0, 1, 0, 1, 0, 4, 0, 1, 0], [0, 1, 0, 1, 0, 1, 1, 1, 0, 1, 0], [0, 1, 0, 1, 0, 1, 1, 1, 0, 1, 0], [0, 1, 0, 1, 0, 1, 0, 1, 0, 1, 0], [0, 1, 0, 1, 0, 0, 0, 1, 0, 1, 0], [0, 1, 1, 4, 1, 5, 2, 1, 1, 1, 0], [0, 0, 0, 2, 0, 2, 0, 2, 0, 0, 0], [0, 2, 2, 2, 0, 2, 0, 2, 2, 2, 0], [0, 2, 0, 2, 2, 2, 2, 2, 0, 2, 0], [0, 2, 0, 0, 0, 2, 0, 0, 0, 2, 0], [0, 3, 2, 2, 2, 2, 2, 2, 2, 2, 0], [0, 0, 0, 0, 0, 0, 0, 0, 0, 0, 0]]"
2026-05-26T19:28:39.697306,0,North,606.0,False,False,False,"[[0, 0, 0, 0, 0, 0, 0, 0, 0, 0, 0], [0, 1, 1, 1, 1, 1, 1, 1, 1, 1, 0], [0, 1, 0, 0, 0, 1, 0, 0, 0, 1, 0], [0, 1, 0, 1, 1, 1, 1, 1, 0, 1, 0], [0, 1, 1, 1, 0, 1, 0, 1, 1, 1, 0], [0, 0, 0, 1, 0, 1, 0, 1, 0, 0, 0], [0, 1, 1, 1, 1, 1, 1, 1, 1, 1, 0], [0, 1, 0, 1, 0, 0, 0, 1, 0, 1, 0], [0, 1, 0, 1, 0, 1, 0, 1, 0, 1, 0], [0, 1, 0, 1, 0, 1, 1, 4, 0, 1, 0], [0, 1, 0, 1, 0, 1, 1, 1, 0, 1, 0], [0, 1, 0, 1, 0, 1, 0, 1, 0, 1, 0], [0, 1, 0, 1, 0, 0, 0, 1, 0, 1, 0], [0, 1, 1, 1, 4, 1, 5, 1, 1, 1, 0], [0, 0, 0, 2, 0, 2, 0, 2, 0, 0, 0], [0, 2, 2, 2, 0, 2, 0, 2, 2, 2, 0], [0, 2, 0, 2, 2, 2, 2, 2, 0, 2, 0], [0, 2, 0, 0, 0, 2, 0, 0, 0, 2, 0], [0, 3, 2, 2, 2, 2, 2, 2, 2, 2, 0], [0, 0, 0, 0, 0, 0, 0, 0, 0, 0, 0]]"
2026-05-26T19:28:40.216054,0,East,605.0,False,False,False,"[[0, 0, 0, 0, 0, 0, 0, 0, 0, 0, 0], [0, 1, 1, 1, 1, 1, 1, 1, 1, 1, 0], [0, 1, 0, 0, 0, 1, 0, 0, 0, 1, 0], [0, 1, 0, 1, 1, 1, 1, 1, 0, 1, 0], [0, 1, 1, 1, 0, 1, 0, 1, 1, 1, 0], [0, 0, 0, 1, 0, 1, 0, 1, 0, 0, 0], [0, 1, 1, 1, 1, 1, 1, 1, 1, 1, 0], [0, 1, 0, 1, 0, 0, 0, 1, 0, 1, 0], [0, 1, 0, 1, 0, 1, 0, 1, 0, 1, 0], [0, 1, 0, 1, 0, 1, 1, 1, 0, 1, 0], [0, 1, 0, 1, 0, 1, 1, 4, 0, 1, 0], [0, 1, 0, 1, 0, 1, 0, 1, 0, 1, 0], [0, 1, 0, 1, 0, 0, 0, 1, 0, 1, 0], [0, 1, 1, 1, 1, 4, 1, 5, 1, 1, 0], [0, 0, 0, 2, 0, 2, 0, 2, 0, 0, 0], [0, 2, 2, 2, 0, 2, 0, 2, 2, 2, 0], [0, 2, 0, 2, 2, 2, 2, 2, 0, 2, 0], [0, 2, 0, 0, 0, 2, 0, 0, 0, 2, 0], [0, 3, 2, 2, 2, 2, 2, 2, 2, 2, 0], [0, 0, 0, 0, 0, 0, 0, 0, 0, 0, 0]]"
2026-05-26T19:28:40.731568,0,East,614.0,False,False,False,"[[0, 0, 0, 0, 0, 0, 0, 0, 0, 0, 0], [0, 1, 1, 1, 1, 1, 1, 1, 1, 1, 0], [0, 1, 0, 0, 0, 1, 0, 0, 0, 1, 0], [0, 1, 0, 1, 1, 1, 1, 1, 0, 1, 0], [0, 1, 1, 1, 0, 1, 0, 1, 1, 1, 0], [0, 0, 0, 1, 0, 1, 0, 1, 0, 0, 0], [0, 1, 1, 1, 1, 1, 1, 1, 1, 1, 0], [0, 1, 0, 1, 0, 0, 0, 1, 0, 1, 0], [0, 1, 0, 1, 0, 1, 0, 1, 0, 1, 0], [0, 1, 0, 1, 0, 1, 1, 1, 0, 1, 0], [0, 1, 0, 1, 0, 1, 1, 1, 0, 1, 0], [0, 1, 0, 1, 0, 1, 0, 4, 0, 1, 0], [0, 1, 0, 1, 0, 0, 0, 1, 0, 1, 0], [0, 1, 1, 1, 1, 1, 1, 1, 1, 1, 0], [0, 0, 0, 2, 0, 4, 0, 5, 0, 0, 0], [0, 2, 2, 2, 0, 2, 0, 2, 2, 2, 0], [0, 2, 0, 2, 2, 2, 2, 2, 0, 2, 0], [0, 2, 0, 0, 0, 2, 0, 0, 0, 2, 0], [0, 3, 2, 2, 2, 2, 2, 2, 2, 2, 0], [0, 0, 0, 0, 0, 0, 0, 0, 0, 0, 0]]"
2026-05-26T19:28:41.249395,0,North,623.0,False,False,False,"[[0, 0, 0, 0, 0, 0, 0, 0, 0, 0, 0], [0, 1, 1, 1, 1, 1, 1, 1, 1, 1, 0], [0, 1, 0, 0, 0, 1, 0, 0, 0, 1, 0], [0, 1, 0, 1, 1, 1, 1, 1, 0, 1, 0], [0, 1, 1, 1, 0, 1, 0, 1, 1, 1, 0], [0, 0, 0, 1, 0, 1, 0, 1, 0, 0, 0], [0, 1, 1, 1, 1, 1, 1, 1, 1, 1, 0], [0, 1, 0, 1, 0, 0, 0, 1, 0, 1, 0], [0, 1, 0, 1, 0, 1, 0, 1, 0, 1, 0], [0, 1, 0, 1, 0, 1, 1, 1, 0, 1, 0], [0, 1, 0, 1, 0, 1, 1, 1, 0, 1, 0], [0, 1, 0, 1, 0, 1, 0, 1, 0, 1, 0], [0, 1, 0, 1, 0, 0, 0, 4, 0, 1, 0], [0, 1, 1, 1, 1, 1, 1, 1, 1, 1, 0], [0, 0, 0, 2, 0, 2, 0, 1, 0, 0, 0], [0, 2, 2, 2, 0, 4, 0, 5, 2, 2, 0], [0, 2, 0, 2, 2, 2, 2, 2, 0, 2, 0], [0, 2, 0, 0, 0, 2, 0, 0, 0, 2, 0], [0, 3, 2, 2, 2, 2, 2, 2, 2, 2, 0], [0, 0, 0, 0, 0, 0, 0, 0, 0, 0, 0]]"
2026-05-26T19:28:41.769462,0,North,632.0,False,False,False,"[[0, 0, 0, 0, 0, 0, 0, 0, 0, 0, 0], [0, 1, 1, 1, 1, 1, 1, 1, 1, 1, 0], [0, 1, 0, 0, 0, 1, 0, 0, 0, 1, 0], [0, 1, 0, 1, 1, 1, 1, 1, 0, 1, 0], [0, 1, 1, 1, 0, 1, 0, 1, 1, 1, 0], [0, 0, 0, 1, 0, 1, 0, 1, 0, 0, 0], [0, 1, 1, 1, 1, 1, 1, 1, 1, 1, 0], [0, 1, 0, 1, 0, 0, 0, 1, 0, 1, 0], [0, 1, 0, 1, 0, 1, 0, 1, 0, 1, 0], [0, 1, 0, 1, 0, 1, 1, 1, 0, 1, 0], [0, 1, 0, 1, 0, 1, 1, 1, 0, 1, 0], [0, 1, 0, 1, 0, 1, 0, 1, 0, 1, 0], [0, 1, 0, 1, 0, 0, 0, 1, 0, 1, 0], [0, 1, 1, 1, 1, 1, 1, 4, 1, 1, 0], [0, 0, 0, 2, 0, 2, 0, 1, 0, 0, 0], [0, 2, 2, 2, 0, 2, 0, 1, 5, 2, 0], [0, 2, 0, 2, 2, 4, 2, 2, 0, 2, 0], [0, 2, 0, 0, 0, 2, 0, 0, 0, 2, 0], [0, 3, 2, 2, 2, 2, 2, 2, 2, 2, 0], [0, 0, 0, 0, 0, 0, 0, 0, 0, 0, 0]]"
2026-05-26T19:28:42.289106,0,East,641.0,False,False,False,"[[0, 0, 0, 0, 0, 0, 0, 0, 0, 0, 0], [0, 1, 1, 1, 1, 1, 1, 1, 1, 1, 0], [0, 1, 0, 0, 0, 1, 0, 0, 0, 1, 0], [0, 1, 0, 1, 1, 1, 1, 1, 0, 1, 0], [0, 1, 1, 1, 0, 1, 0, 1, 1, 1, 0], [0, 0, 0, 1, 0, 1, 0, 1, 0, 0, 0], [0, 1, 1, 1, 1, 1, 1, 1, 1, 1, 0], [0, 1, 0, 1, 0, 0, 0, 1, 0, 1, 0], [0, 1, 0, 1, 0, 1, 0, 1, 0, 1, 0], [0, 1, 0, 1, 0, 1, 1, 1, 0, 1, 0], [0, 1, 0, 1, 0, 1, 1, 1, 0, 1, 0], [0, 1, 0, 1, 0, 1, 0, 1, 0, 1, 0], [0, 1, 0, 1, 0, 0, 0, 1, 0, 1, 0], [0, 1, 1, 1, 1, 1, 1, 1, 4, 1, 0], [0, 0, 0, 2, 0, 2, 0, 1, 0, 0, 0], [0, 2, 2, 2, 0, 2, 0, 1, 1, 5, 0], [0, 2, 0, 2, 2, 2, 4, 2, 0, 2, 0], [0, 2, 0, 0, 0, 2, 0, 0, 0, 2, 0], [0, 3, 2, 2, 2, 2, 2, 2, 2, 2, 0], [0, 0, 0, 0, 0, 0, 0, 0, 0, 0, 0]]"
2026-05-26T19:28:42.807918,0,East,650.0,False,False,False,"[[0, 0, 0, 0, 0, 0, 0, 0, 0, 0, 0], [0, 1, 1, 1, 1, 1, 1, 1, 1, 1, 0], [0, 1, 0, 0, 0, 1, 0, 0, 0, 1, 0], [0, 1, 0, 1, 1, 1, 1, 1, 0, 1, 0], [0, 1, 1, 1, 0, 1, 0, 1, 1, 1, 0], [0, 0, 0, 1, 0, 1, 0, 1, 0, 0, 0], [0, 1, 1, 1, 1, 1, 1, 1, 1, 1, 0], [0, 1, 0, 1, 0, 0, 0, 1, 0, 1, 0], [0, 1, 0, 1, 0, 1, 0, 1, 0, 1, 0], [0, 1, 0, 1, 0, 1, 1, 1, 0, 1, 0], [0, 1, 0, 1, 0, 1, 1, 1, 0, 1, 0], [0, 1, 0, 1, 0, 1, 0, 1, 0, 1, 0], [0, 1, 0, 1, 0, 0, 0, 1, 0, 1, 0], [0, 1, 1, 1, 1, 1, 1, 1, 1, 4, 0], [0, 0, 0, 2, 0, 2, 0, 1, 0, 0, 0], [0, 2, 2, 2, 0, 2, 0, 1, 1, 1, 0], [0, 2, 0, 2, 2, 2, 2, 4, 0, 5, 0], [0, 2, 0, 0, 0, 2, 0, 0, 0, 2, 0], [0, 3, 2, 2, 2, 2, 2, 2, 2, 2, 0], [0, 0, 0, 0, 0, 0, 0, 0, 0, 0, 0]]"
2026-05-26T19:28:43.328601,0,East,659.0,False,False,False,"[[0, 0, 0, 0, 0, 0, 0, 0, 0, 0, 0], [0, 1, 1, 1, 1, 1, 1, 1, 1, 1, 0], [0, 1, 0, 0, 0, 1, 0, 0, 0, 1, 0], [0, 1, 0, 1, 1, 1, 1, 1, 0, 1, 0], [0, 1, 1, 1, 0, 1, 0, 1, 1, 1, 0], [0, 0, 0, 1, 0, 1, 0, 1, 0, 0, 0], [0, 1, 1, 1, 1, 1, 1, 1, 1, 1, 0], [0, 1, 0, 1, 0, 0, 0, 1, 0, 1, 0], [0, 1, 0, 1, 0, 1, 0, 1, 0, 1, 0], [0, 1, 0, 1, 0, 1, 1, 1, 0, 1, 0], [0, 1, 0, 1, 0, 1, 1, 1, 0, 1, 0], [0, 1, 0, 1, 0, 1, 0, 1, 0, 1, 0], [0, 1, 0, 1, 0, 0, 0, 1, 0, 4, 0], [0, 1, 1, 1, 1, 1, 1, 1, 1, 1, 0], [0, 0, 0, 2, 0, 2, 0, 1, 0, 0, 0], [0, 2, 2, 2, 0, 2, 0, 4, 1, 1, 0], [0, 2, 0, 2, 2, 2, 2, 2, 0, 1, 0], [0, 2, 0, 0, 0, 2, 0, 0, 0, 5, 0], [0, 3, 2, 2, 2, 2, 2, 2, 2, 2, 0], [0, 0, 0, 0, 0, 0, 0, 0, 0, 0, 0]]"
2026-05-26T19:28:43.845606,0,South,668.0,False,False,False,"[[0, 0, 0, 0, 0, 0, 0, 0, 0, 0, 0], [0, 1, 1, 1, 1, 1, 1, 1, 1, 1, 0], [0, 1, 0, 0, 0, 1, 0, 0, 0, 1, 0], [0, 1, 0, 1, 1, 1, 1, 1, 0, 1, 0], [0, 1, 1, 1, 0, 1, 0, 1, 1, 1, 0], [0, 0, 0, 1, 0, 1, 0, 1, 0, 0, 0], [0, 1, 1, 1, 1, 1, 1, 1, 1, 1, 0], [0, 1, 0, 1, 0, 0, 0, 1, 0, 1, 0], [0, 1, 0, 1, 0, 1, 0, 1, 0, 1, 0], [0, 1, 0, 1, 0, 1, 1, 1, 0, 1, 0], [0, 1, 0, 1, 0, 1, 1, 1, 0, 1, 0], [0, 1, 0, 1, 0, 1, 0, 1, 0, 4, 0], [0, 1, 0, 1, 0, 0, 0, 1, 0, 1, 0], [0, 1, 1, 1, 1, 1, 1, 1, 1, 1, 0], [0, 0, 0, 2, 0, 2, 0, 4, 0, 0, 0], [0, 2, 2, 2, 0, 2, 0, 1, 1, 1, 0], [0, 2, 0, 2, 2, 2, 2, 2, 0, 1, 0], [0, 2, 0, 0, 0, 2, 0, 0, 0, 1, 0], [0, 3, 2, 2, 2, 2, 2, 2, 2, 5, 0], [0, 0, 0, 0, 0, 0, 0, 0, 0, 0, 0]]"
2026-05-26T19:28:44.364987,0,South,677.0,False,False,False,"[[0, 0, 0, 0, 0, 0, 0, 0, 0, 0, 0], [0, 1, 1, 1, 1, 1, 1, 1, 1, 1, 0], [0, 1, 0, 0, 0, 1, 0, 0, 0, 1, 0], [0, 1, 0, 1, 1, 1, 1, 1, 0, 1, 0], [0, 1, 1, 1, 0, 1, 0, 1, 1, 1, 0], [0, 0, 0, 1, 0, 1, 0, 1, 0, 0, 0], [0, 1, 1, 1, 1, 1, 1, 1, 1, 1, 0], [0, 1, 0, 1, 0, 0, 0, 1, 0, 1, 0], [0, 1, 0, 1, 0, 1, 0, 1, 0, 1, 0], [0, 1, 0, 1, 0, 1, 1, 1, 0, 1, 0], [0, 1, 0, 1, 0, 1, 1, 1, 0, 4, 0], [0, 1, 0, 1, 0, 1, 0, 1, 0, 1, 0], [0, 1, 0, 1, 0, 0, 0, 1, 0, 1, 0], [0, 1, 1, 1, 1, 1, 1, 4, 1, 1, 0], [0, 0, 0, 2, 0, 2, 0, 1, 0, 0, 0], [0, 2, 2, 2, 0, 2, 0, 1, 1, 1, 0], [0, 2, 0, 2, 2, 2, 2, 2, 0, 1, 0], [0, 2, 0, 0, 0, 2, 0, 0, 0, 1, 0], [0, 3, 2, 2, 2, 2, 2, 2, 5, 1, 0], [0, 0, 0, 0, 0, 0, 0, 0, 0, 0, 0]]"
2026-05-26T19:28:44.883994,0,South,686.0,False,False,False,"[[0, 0, 0, 0, 0, 0, 0, 0, 0, 0, 0], [0, 1, 1, 1, 1, 1, 1, 1, 1, 1, 0], [0, 1, 0, 0, 0, 1, 0, 0, 0, 1, 0], [0, 1, 0, 1, 1, 1, 1, 1, 0, 1, 0], [0, 1, 1, 1, 0, 1, 0, 1, 1, 1, 0], [0, 0, 0, 1, 0, 1, 0, 1, 0, 0, 0], [0, 1, 1, 1, 1, 1, 1, 1, 1, 1, 0], [0, 1, 0, 1, 0, 0, 0, 1, 0, 1, 0], [0, 1, 0, 1, 0, 1, 0, 1, 0, 1, 0], [0, 1, 0, 1, 0, 1, 1, 1, 0, 4, 0], [0, 1, 0, 1, 0, 1, 1, 1, 0, 1, 0], [0, 1, 0, 1, 0, 1, 0, 1, 0, 1, 0], [0, 1, 0, 1, 0, 0, 0, 1, 0, 1, 0], [0, 1, 1, 1, 1, 1, 4, 1, 1, 1, 0], [0, 0, 0, 2, 0, 2, 0, 1, 0, 0, 0], [0, 2, 2, 2, 0, 2, 0, 1, 1, 1, 0], [0, 2, 0, 2, 2, 2, 2, 2, 0, 1, 0], [0, 2, 0, 0, 0, 2, 0, 0, 0, 1, 0], [0, 3, 2, 2, 2, 2, 2, 5, 1, 1, 0], [0, 0, 0, 0, 0, 0, 0, 0, 0, 0, 0]]"
2026-05-26T19:28:45.401861,0,South,695.0,False,False,False,"[[0, 0, 0, 0, 0, 0, 0, 0, 0, 0, 0], [0, 1, 1, 1, 1, 1, 1, 1, 1, 1, 0], [0, 1, 0, 0, 0, 1, 0, 0, 0, 1, 0], [0, 1, 0, 1, 1, 1, 1, 1, 0, 1, 0], [0, 1, 1, 1, 0, 1, 0, 1, 1, 1, 0], [0, 0, 0, 1, 0, 1, 0, 1, 0, 0, 0], [0, 1, 1, 1, 1, 1, 1, 1, 1, 1, 0], [0, 1, 0, 1, 0, 0, 0, 1, 0, 1, 0], [0, 1, 0, 1, 0, 1, 0, 1, 0, 4, 0], [0, 1, 0, 1, 0, 1, 1, 1, 0, 1, 0], [0, 1, 0, 1, 0, 1, 1, 1, 0, 1, 0], [0, 1, 0, 1, 0, 1, 0, 1, 0, 1, 0], [0, 1, 0, 1, 0, 0, 0, 1, 0, 1, 0], [0, 1, 1, 1, 1, 4, 1, 1, 1, 1, 0], [0, 0, 0, 2, 0, 2, 0, 1, 0, 0, 0], [0, 2, 2, 2, 0, 2, 0, 1, 1, 1, 0], [0, 2, 0, 2, 2, 2, 2, 2, 0, 1, 0], [0, 2, 0, 0, 0, 2, 0, 0, 0, 1, 0], [0, 3, 2, 2, 2, 2, 5, 1, 1, 1, 0], [0, 0, 0, 0, 0, 0, 0, 0, 0, 0, 0]]"
2026-05-26T19:28:45.920800,0,South,704.0,False,False,False,"[[0, 0, 0, 0, 0, 0, 0, 0, 0, 0, 0], [0, 1, 1, 1, 1, 1, 1, 1, 1, 1, 0], [0, 1, 0, 0, 0, 1, 0, 0, 0, 1, 0], [0, 1, 0, 1, 1, 1, 1, 1, 0, 1, 0], [0, 1, 1, 1, 0, 1, 0, 1, 1, 1, 0], [0, 0, 0, 1, 0, 1, 0, 1, 0, 0, 0], [0, 1, 1, 1, 1, 1, 1, 1, 1, 1, 0], [0, 1, 0, 1, 0, 0, 0, 1, 0, 4, 0], [0, 1, 0, 1, 0, 1, 0, 1, 0, 1, 0], [0, 1, 0, 1, 0, 1, 1, 1, 0, 1, 0], [0, 1, 0, 1, 0, 1, 1, 1, 0, 1, 0], [0, 1, 0, 1, 0, 1, 0, 1, 0, 1, 0], [0, 1, 0, 1, 0, 0, 0, 1, 0, 1, 0], [0, 1, 1, 1, 1, 1, 1, 1, 1, 1, 0], [0, 0, 0, 2, 0, 4, 0, 1, 0, 0, 0], [0, 2, 2, 2, 0, 2, 0, 1, 1, 1, 0], [0, 2, 0, 2, 2, 2, 2, 2, 0, 1, 0], [0, 2, 0, 0, 0, 2, 0, 0, 0, 1, 0], [0, 3, 2, 2, 2, 5, 1, 1, 1, 1, 0], [0, 0, 0, 0, 0, 0, 0, 0, 0, 0, 0]]"
2026-05-26T19:28:46.439551,0,South,713.0,False,False,False,"[[0, 0, 0, 0, 0, 0, 0, 0, 0, 0, 0], [0, 1, 1, 1, 1, 1, 1, 1, 1, 1, 0], [0, 1, 0, 0, 0, 1, 0, 0, 0, 1, 0], [0, 1, 0, 1, 1, 1, 1, 1, 0, 1, 0], [0, 1, 1, 1, 0, 1, 0, 1, 1, 1, 0], [0, 0, 0, 1, 0, 1, 0, 1, 0, 0, 0], [0, 1, 1, 1, 1, 1, 1, 1, 1, 4, 0], [0, 1, 0, 1, 0, 0, 0, 1, 0, 1, 0], [0, 1, 0, 1, 0, 1, 0, 1, 0, 1, 0], [0, 1, 0, 1, 0, 1, 1, 1, 0, 1, 0], [0, 1, 0, 1, 0, 1, 1, 1, 0, 1, 0], [0, 1, 0, 1, 0, 1, 0, 1, 0, 1, 0], [0, 1, 0, 1, 0, 0, 0, 1, 0, 1, 0], [0, 1, 1, 1, 1, 1, 1, 1, 1, 1, 0], [0, 0, 0, 2, 0, 2, 0, 1, 0, 0, 0], [0, 2, 2, 2, 0, 4, 0, 1, 1, 1, 0], [0, 2, 0, 2, 2, 2, 2, 2, 0, 1, 0], [0, 2, 0, 0, 0, 2, 0, 0, 0, 1, 0], [0, 3, 2, 2, 5, 1, 1, 1, 1, 1, 0], [0, 0, 0, 0, 0, 0, 0, 0, 0, 0, 0]]"
2026-05-26T19:28:46.959271,0,South,722.0,False,False,False,"[[0, 0, 0, 0, 0, 0, 0, 0, 0, 0, 0], [0, 1, 1, 1, 1, 1, 1, 1, 1, 1, 0], [0, 1, 0, 0, 0, 1, 0, 0, 0, 1, 0], [0, 1, 0, 1, 1, 1, 1, 1, 0, 1, 0], [0, 1, 1, 1, 0, 1, 0, 1, 1, 1, 0], [0, 0, 0, 1, 0, 1, 0, 1, 0, 0, 0], [0, 1, 1, 1, 1, 1, 1, 1, 4, 1, 0], [0, 1, 0, 1, 0, 0, 0, 1, 0, 1, 0], [0, 1, 0, 1, 0, 1, 0, 1, 0, 1, 0], [0, 1, 0, 1, 0, 1, 1, 1, 0, 1, 0], [0, 1, 0, 1, 0, 1, 1, 1, 0, 1, 0], [0, 1, 0, 1, 0, 1, 0, 1, 0, 1, 0], [0, 1, 0, 1, 0, 0, 0, 1, 0, 1, 0], [0, 1, 1, 1, 1, 1, 1, 1, 1, 1, 0], [0, 0, 0, 2, 0, 2, 0, 1, 0, 0, 0], [0, 2, 2, 2, 0, 2, 0, 1, 1, 1, 0], [0, 2, 0, 2, 2, 4, 2, 2, 0, 1, 0], [0, 2, 0, 0, 0, 2, 0, 0, 0, 1, 0], [0, 3, 2, 5, 1, 1, 1, 1, 1, 1, 0], [0, 0, 0, 0, 0, 0, 0, 0, 0, 0, 0]]"
2026-05-26T19:28:47.478181,0,South,731.0,False,False,False,"[[0, 0, 0, 0, 0, 0, 0, 0, 0, 0, 0], [0, 1, 1, 1, 1, 1, 1, 1, 1, 1, 0], [0, 1, 0, 0, 0, 1, 0, 0, 0, 1, 0], [0, 1, 0, 1, 1, 1, 1, 1, 0, 1, 0], [0, 1, 1, 1, 0, 1, 0, 1, 1, 1, 0], [0, 0, 0, 1, 0, 1, 0, 1, 0, 0, 0], [0, 1, 1, 1, 1, 1, 1, 4, 1, 1, 0], [0, 1, 0, 1, 0, 0, 0, 1, 0, 1, 0], [0, 1, 0, 1, 0, 1, 0, 1, 0, 1, 0], [0, 1, 0, 1, 0, 1, 1, 1, 0, 1, 0], [0, 1, 0, 1, 0, 1, 1, 1, 0, 1, 0], [0, 1, 0, 1, 0, 1, 0, 1, 0, 1, 0], [0, 1, 0, 1, 0, 0, 0, 1, 0, 1, 0], [0, 1, 1, 1, 1, 1, 1, 1, 1, 1, 0], [0, 0, 0, 2, 0, 2, 0, 1, 0, 0, 0], [0, 2, 2, 2, 0, 2, 0, 1, 1, 1, 0], [0, 2, 0, 2, 4, 2, 2, 2, 0, 1, 0], [0, 2, 0, 0, 0, 2, 0, 0, 0, 1, 0], [0, 3, 5, 1, 1, 1, 1, 1, 1, 1, 0], [0, 0, 0, 0, 0, 0, 0, 0, 0, 0, 0]]"
2026-05-26T19:28:47.995432,0,West,730.0,False,False,False,"[[0, 0, 0, 0, 0, 0, 0, 0, 0, 0, 0], [0, 1, 1, 1, 1, 1, 1, 1, 1, 1, 0], [0, 1, 0, 0, 0, 1, 0, 0, 0, 1, 0], [0, 1, 0, 1, 1, 1, 1, 1, 0, 1, 0], [0, 1, 1, 1, 0, 1, 0, 1, 1, 1, 0], [0, 0, 0, 1, 0, 1, 0, 4, 0, 0, 0], [0, 1, 1, 1, 1, 1, 1, 1, 1, 1, 0], [0, 1, 0, 1, 0, 0, 0, 1, 0, 1, 0], [0, 1, 0, 1, 0, 1, 0, 1, 0, 1, 0], [0, 1, 0, 1, 0, 1, 1, 1, 0, 1, 0], [0, 1, 0, 1, 0, 1, 1, 1, 0, 1, 0], [0, 1, 0, 1, 0, 1, 0, 1, 0, 1, 0], [0, 1, 0, 1, 0, 0, 0, 1, 0, 1, 0], [0, 1, 1, 1, 1, 1, 1, 1, 1, 1, 0], [0, 0, 0, 2, 0, 2, 0, 1, 0, 0, 0], [0, 2, 2, 2, 0, 2, 0, 1, 1, 1, 0], [0, 2, 0, 4, 2, 2, 2, 2, 0, 1, 0], [0, 2, 0, 0, 0, 2, 0, 0, 0, 1, 0], [0, 5, 1, 1, 1, 1, 1, 1, 1, 1, 0], [0, 0, 0, 0, 0, 0, 0, 0, 0, 0, 0]]"
2026-05-26T19:28:48.514914,0,West,739.0,False,False,False,"[[0, 0, 0, 0, 0, 0, 0, 0, 0, 0, 0], [0, 1, 1, 1, 1, 1, 1, 1, 1, 1, 0], [0, 1, 0, 0, 0, 1, 0, 0, 0, 1, 0], [0, 1, 0, 1, 1, 1, 1, 1, 0, 1, 0], [0, 1, 1, 1, 0, 1, 0, 1, 1, 1, 0], [0, 0, 0, 1, 0, 1, 0, 4, 0, 0, 0], [0, 1, 1, 1, 1, 1, 1, 1, 1, 1, 0], [0, 1, 0, 1, 0, 0, 0, 1, 0, 1, 0], [0, 1, 0, 1, 0, 1, 0, 1, 0, 1, 0], [0, 1, 0, 1, 0, 1, 1, 1, 0, 1, 0], [0, 1, 0, 1, 0, 1, 1, 1, 0, 1, 0], [0, 1, 0, 1, 0, 1, 0, 1, 0, 1, 0], [0, 1, 0, 1, 0, 0, 0, 1, 0, 1, 0], [0, 1, 1, 1, 1, 1, 1, 1, 1, 1, 0], [0, 0, 0, 2, 0, 2, 0, 1, 0, 0, 0], [0, 2, 2, 2, 0, 2, 0, 1, 1, 1, 0], [0, 2, 0, 4, 2, 2, 2, 2, 0, 1, 0], [0, 5, 0, 0, 0, 2, 0, 0, 0, 1, 0], [0, 1, 1, 1, 1, 1, 1, 1, 1, 1, 0], [0, 0, 0, 0, 0, 0, 0, 0, 0, 0, 0]]"
2026-05-26T19:28:49.033698,0,West,748.0,False,False,False,"[[0, 0, 0, 0, 0, 0, 0, 0, 0, 0, 0], [0, 1, 1, 1, 1, 1, 1, 1, 1, 1, 0], [0, 1, 0, 0, 0, 1, 0, 0, 0, 1, 0], [0, 1, 0, 1, 1, 1, 1, 1, 0, 1, 0], [0, 1, 1, 1, 0, 1, 0, 4, 1, 1, 0], [0, 0, 0, 1, 0, 1, 0, 1, 0, 0, 0], [0, 1, 1, 1, 1, 1, 1, 1, 1, 1, 0], [0, 1, 0, 1, 0, 0, 0, 1, 0, 1, 0], [0, 1, 0, 1, 0, 1, 0, 1, 0, 1, 0], [0, 1, 0, 1, 0, 1, 1, 1, 0, 1, 0], [0, 1, 0, 1, 0, 1, 1, 1, 0, 1, 0], [0, 1, 0, 1, 0, 1, 0, 1, 0, 1, 0], [0, 1, 0, 1, 0, 0, 0, 1, 0, 1, 0], [0, 1, 1, 1, 1, 1, 1, 1, 1, 1, 0], [0, 0, 0, 2, 0, 2, 0, 1, 0, 0, 0], [0, 2, 2, 4, 0, 2, 0, 1, 1, 1, 0], [0, 5, 0, 2, 2, 2, 2, 2, 0, 1, 0], [0, 1, 0, 0, 0, 2, 0, 0, 0, 1, 0], [0, 1, 1, 1, 1, 1, 1, 1, 1, 1, 0], [0, 0, 0, 0, 0, 0, 0, 0, 0, 0, 0]]"
2026-05-26T19:28:49.552521,0,North,757.0,False,False,False,"[[0, 0, 0, 0, 0, 0, 0, 0, 0, 0, 0], [0, 1, 1, 1, 1, 1, 1, 1, 1, 1, 0], [0, 1, 0, 0, 0, 1, 0, 0, 0, 1, 0], [0, 1, 0, 1, 1, 1, 1, 1, 0, 1, 0], [0, 1, 1, 1, 0, 1, 0, 4, 1, 1, 0], [0, 0, 0, 1, 0, 1, 0, 1, 0, 0, 0], [0, 1, 1, 1, 1, 1, 1, 1, 1, 1, 0], [0, 1, 0, 1, 0, 0, 0, 1, 0, 1, 0], [0, 1, 0, 1, 0, 1, 0, 1, 0, 1, 0], [0, 1, 0, 1, 0, 1, 1, 1, 0, 1, 0], [0, 1, 0, 1, 0, 1, 1, 1, 0, 1, 0], [0, 1, 0, 1, 0, 1, 0, 1, 0, 1, 0], [0, 1, 0, 1, 0, 0, 0, 1, 0, 1, 0], [0, 1, 1, 1, 1, 1, 1, 1, 1, 1, 0], [0, 0, 0, 2, 0, 2, 0, 1, 0, 0, 0], [0, 5, 2, 4, 0, 2, 0, 1, 1, 1, 0], [0, 1, 0, 2, 2, 2, 2, 2, 0, 1, 0], [0, 1, 0, 0, 0, 2, 0, 0, 0, 1, 0], [0, 1, 1, 1, 1, 1, 1, 1, 1, 1, 0], [0, 0, 0, 0, 0, 0, 0, 0, 0, 0, 0]]"
2026-05-26T19:28:50.071417,0,North,766.0,False,False,False,"[[0, 0, 0, 0, 0, 0, 0, 0, 0, 0, 0], [0, 1, 1, 1, 1, 1, 1, 1, 1, 1, 0], [0, 1, 0, 0, 0, 1, 0, 0, 0, 1, 0], [0, 1, 0, 1, 1, 1, 1, 1, 0, 1, 0], [0, 1, 1, 1, 0, 1, 0, 4, 1, 1, 0], [0, 0, 0, 1, 0, 1, 0, 1, 0, 0, 0], [0, 1, 1, 1, 1, 1, 1, 1, 1, 1, 0], [0, 1, 0, 1, 0, 0, 0, 1, 0, 1, 0], [0, 1, 0, 1, 0, 1, 0, 1, 0, 1, 0], [0, 1, 0, 1, 0, 1, 1, 1, 0, 1, 0], [0, 1, 0, 1, 0, 1, 1, 1, 0, 1, 0], [0, 1, 0, 1, 0, 1, 0, 1, 0, 1, 0], [0, 1, 0, 1, 0, 0, 0, 1, 0, 1, 0], [0, 1, 1, 1, 1, 1, 1, 1, 1, 1, 0], [0, 0, 0, 4, 0, 2, 0, 1, 0, 0, 0], [0, 1, 5, 2, 0, 2, 0, 1, 1, 1, 0], [0, 1, 0, 2, 2, 2, 2, 2, 0, 1, 0], [0, 1, 0, 0, 0, 2, 0, 0, 0, 1, 0], [0, 1, 1, 1, 1, 1, 1, 1, 1, 1, 0], [0, 0, 0, 0, 0, 0, 0, 0, 0, 0, 0]]"
2026-05-26T19:28:50.592090,0,West,975.0,False,False,False,"[[0, 0, 0, 0, 0, 0, 0, 0, 0, 0, 0], [0, 1, 1, 1, 1, 1, 1, 1, 1, 1, 0], [0, 1, 0, 0, 0, 1, 0, 0, 0, 1, 0], [0, 1, 0, 1, 1, 1, 1, 1, 0, 1, 0], [0, 1, 1, 1, 0, 1, 0, 1, 4, 1, 0], [0, 0, 0, 1, 0, 1, 0, 1, 0, 0, 0], [0, 1, 1, 1, 1, 1, 1, 1, 1, 1, 0], [0, 1, 0, 1, 0, 0, 0, 1, 0, 1, 0], [0, 1, 0, 1, 0, 1, 0, 1, 0, 1, 0], [0, 1, 0, 1, 0, 4, 1, 1, 0, 1, 0], [0, 1, 0, 1, 0, 1, 1, 1, 0, 1, 0], [0, 1, 0, 1, 0, 1, 0, 1, 0, 1, 0], [0, 1, 0, 1, 0, 0, 0, 1, 0, 1, 0], [0, 1, 1, 1, 1, 1, 1, 1, 1, 1, 0], [0, 0, 0, 2, 0, 2, 0, 1, 0, 0, 0], [0, 1, 1, 5, 0, 2, 0, 1, 1, 1, 0], [0, 1, 0, 2, 2, 2, 2, 2, 0, 1, 0], [0, 1, 0, 0, 0, 2, 0, 0, 0, 1, 0], [0, 1, 1, 1, 1, 1, 1, 1, 1, 1, 0], [0, 0, 0, 0, 0, 0, 0, 0, 0, 0, 0]]"
2026-05-26T19:28:51.110692,0,East,984.0,False,False,False,"[[0, 0, 0, 0, 0, 0, 0, 0, 0, 0, 0], [0, 1, 1, 1, 1, 1, 1, 1, 1, 1, 0], [0, 1, 0, 0, 0, 1, 0, 0, 0, 1, 0], [0, 1, 0, 1, 1, 1, 1, 1, 0, 1, 0], [0, 1, 1, 1, 0, 1, 0, 1, 4, 1, 0], [0, 0, 0, 1, 0, 1, 0, 1, 0, 0, 0], [0, 1, 1, 1, 1, 1, 1, 1, 1, 1, 0], [0, 1, 0, 1, 0, 0, 0, 1, 0, 1, 0], [0, 1, 0, 1, 0, 1, 0, 1, 0, 1, 0], [0, 1, 0, 1, 0, 1, 1, 1, 0, 1, 0], [0, 1, 0, 1, 0, 4, 1, 1, 0, 1, 0], [0, 1, 0, 1, 0, 1, 0, 1, 0, 1, 0], [0, 1, 0, 1, 0, 0, 0, 1, 0, 1, 0], [0, 1, 1, 1, 1, 1, 1, 1, 1, 1, 0], [0, 0, 0, 5, 0, 2, 0, 1, 0, 0, 0], [0, 1, 1, 1, 0, 2, 0, 1, 1, 1, 0], [0, 1, 0, 2, 2, 2, 2, 2, 0, 1, 0], [0, 1, 0, 0, 0, 2, 0, 0, 0, 1, 0], [0, 1, 1, 1, 1, 1, 1, 1, 1, 1, 0], [0, 0, 0, 0, 0, 0, 0, 0, 0, 0, 0]]"
2026-05-26T19:28:51.629001,0,East,983.0,False,False,False,"[[0, 0, 0, 0, 0, 0, 0, 0, 0, 0, 0], [0, 1, 1, 1, 1, 1, 1, 1, 1, 1, 0], [0, 1, 0, 0, 0, 1, 0, 0, 0, 1, 0], [0, 1, 0, 1, 1, 1, 1, 1, 0, 1, 0], [0, 1, 1, 1, 0, 1, 0, 1, 1, 4, 0], [0, 0, 0, 1, 0, 1, 0, 1, 0, 0, 0], [0, 1, 1, 1, 1, 1, 1, 1, 1, 1, 0], [0, 1, 0, 1, 0, 0, 0, 1, 0, 1, 0], [0, 1, 0, 1, 0, 1, 0, 1, 0, 1, 0], [0, 1, 0, 1, 0, 1, 1, 1, 0, 1, 0], [0, 1, 0, 1, 0, 1, 1, 1, 0, 1, 0], [0, 1, 0, 1, 0, 4, 0, 1, 0, 1, 0], [0, 1, 0, 1, 0, 0, 0, 1, 0, 1, 0], [0, 1, 1, 1, 1, 1, 1, 1, 1, 1, 0], [0, 0, 0, 1, 0, 2, 0, 1, 0, 0, 0], [0, 1, 1, 5, 0, 2, 0, 1, 1, 1, 0], [0, 1, 0, 2, 2, 2, 2, 2, 0, 1, 0], [0, 1, 0, 0, 0, 2, 0, 0, 0, 1, 0], [0, 1, 1, 1, 1, 1, 1, 1, 1, 1, 0], [0, 0, 0, 0, 0, 0, 0, 0, 0, 0, 0]]"
2026-05-26T19:28:52.147223,0,North,992.0,False,False,False,"[[0, 0, 0, 0, 0, 0, 0, 0, 0, 0, 0], [0, 1, 1, 1, 1, 1, 1, 1, 1, 1, 0], [0, 1, 0, 0, 0, 1, 0, 0, 0, 1, 0], [0, 1, 0, 1, 1, 1, 1, 1, 0, 4, 0], [0, 1, 1, 1, 0, 1, 0, 1, 1, 1, 0], [0, 0, 0, 1, 0, 1, 0, 1, 0, 0, 0], [0, 1, 1, 1, 1, 1, 1, 1, 1, 1, 0], [0, 1, 0, 1, 0, 0, 0, 1, 0, 1, 0], [0, 1, 0, 1, 0, 1, 0, 1, 0, 1, 0], [0, 1, 0, 1, 0, 1, 1, 1, 0, 1, 0], [0, 1, 0, 1, 0, 4, 1, 1, 0, 1, 0], [0, 1, 0, 1, 0, 1, 0, 1, 0, 1, 0], [0, 1, 0, 1, 0, 0, 0, 1, 0, 1, 0], [0, 1, 1, 1, 1, 1, 1, 1, 1, 1, 0], [0, 0, 0, 1, 0, 2, 0, 1, 0, 0, 0], [0, 1, 1, 1, 0, 2, 0, 1, 1, 1, 0], [0, 1, 0, 5, 2, 2, 2, 2, 0, 1, 0], [0, 1, 0, 0, 0, 2, 0, 0, 0, 1, 0], [0, 1, 1, 1, 1, 1, 1, 1, 1, 1, 0], [0, 0, 0, 0, 0, 0, 0, 0, 0, 0, 0]]"
2026-05-26T19:28:52.666139,0,North,1001.0,False,False,False,"[[0, 0, 0, 0, 0, 0, 0, 0, 0, 0, 0], [0, 1, 1, 1, 1, 1, 1, 1, 1, 1, 0], [0, 1, 0, 0, 0, 1, 0, 0, 0, 1, 0], [0, 1, 0, 1, 1, 1, 1, 1, 0, 4, 0], [0, 1, 1, 1, 0, 1, 0, 1, 1, 1, 0], [0, 0, 0, 1, 0, 1, 0, 1, 0, 0, 0], [0, 1, 1, 1, 1, 1, 1, 1, 1, 1, 0], [0, 1, 0, 1, 0, 0, 0, 1, 0, 1, 0], [0, 1, 0, 1, 0, 1, 0, 1, 0, 1, 0], [0, 1, 0, 1, 0, 4, 1, 1, 0, 1, 0], [0, 1, 0, 1, 0, 1, 1, 1, 0, 1, 0], [0, 1, 0, 1, 0, 1, 0, 1, 0, 1, 0], [0, 1, 0, 1, 0, 0, 0, 1, 0, 1, 0], [0, 1, 1, 1, 1, 1, 1, 1, 1, 1, 0], [0, 0, 0, 1, 0, 2, 0, 1, 0, 0, 0], [0, 1, 1, 1, 0, 2, 0, 1, 1, 1, 0], [0, 1, 0, 1, 5, 2, 2, 2, 0, 1, 0], [0, 1, 0, 0, 0, 2, 0, 0, 0, 1, 0], [0, 1, 1, 1, 1, 1, 1, 1, 1, 1, 0], [0, 0, 0, 0, 0, 0, 0, 0, 0, 0, 0]]"
2026-05-26T19:28:53.185519,0,East,1010.0,False,False,False,"[[0, 0, 0, 0, 0, 0, 0, 0, 0, 0, 0], [0, 1, 1, 1, 1, 1, 1, 1, 1, 1, 0], [0, 1, 0, 0, 0, 1, 0, 0, 0, 4, 0], [0, 1, 0, 1, 1, 1, 1, 1, 0, 1, 0], [0, 1, 1, 1, 0, 1, 0, 1, 1, 1, 0], [0, 0, 0, 1, 0, 1, 0, 1, 0, 0, 0], [0, 1, 1, 1, 1, 1, 1, 1, 1, 1, 0], [0, 1, 0, 1, 0, 0, 0, 1, 0, 1, 0], [0, 1, 0, 1, 0, 4, 0, 1, 0, 1, 0], [0, 1, 0, 1, 0, 1, 1, 1, 0, 1, 0], [0, 1, 0, 1, 0, 1, 1, 1, 0, 1, 0], [0, 1, 0, 1, 0, 1, 0, 1, 0, 1, 0], [0, 1, 0, 1, 0, 0, 0, 1, 0, 1, 0], [0, 1, 1, 1, 1, 1, 1, 1, 1, 1, 0], [0, 0, 0, 1, 0, 2, 0, 1, 0, 0, 0], [0, 1, 1, 1, 0, 2, 0, 1, 1, 1, 0], [0, 1, 0, 1, 1, 5, 2, 2, 0, 1, 0], [0, 1, 0, 0, 0, 2, 0, 0, 0, 1, 0], [0, 1, 1, 1, 1, 1, 1, 1, 1, 1, 0], [0, 0, 0, 0, 0, 0, 0, 0, 0, 0, 0]]"
2026-05-26T19:28:53.702878,0,West,1019.0,False,False,False,"[[0, 0, 0, 0, 0, 0, 0, 0, 0, 0, 0], [0, 1, 1, 1, 1, 1, 1, 1, 1, 1, 0], [0, 1, 0, 0, 0, 1, 0, 0, 0, 4, 0], [0, 1, 0, 1, 1, 1, 1, 1, 0, 1, 0], [0, 1, 1, 1, 0, 1, 0, 1, 1, 1, 0], [0, 0, 0, 1, 0, 1, 0, 1, 0, 0, 0], [0, 1, 1, 1, 1, 1, 1, 1, 1, 1, 0], [0, 1, 0, 1, 0, 0, 0, 1, 0, 1, 0], [0, 1, 0, 1, 0, 1, 0, 1, 0, 1, 0], [0, 1, 0, 1, 0, 4, 1, 1, 0, 1, 0], [0, 1, 0, 1, 0, 1, 1, 1, 0, 1, 0], [0, 1, 0, 1, 0, 1, 0, 1, 0, 1, 0], [0, 1, 0, 1, 0, 0, 0, 1, 0, 1, 0], [0, 1, 1, 1, 1, 1, 1, 1, 1, 1, 0], [0, 0, 0, 1, 0, 2, 0, 1, 0, 0, 0], [0, 1, 1, 1, 0, 2, 0, 1, 1, 1, 0], [0, 1, 0, 1, 1, 1, 2, 2, 0, 1, 0], [0, 1, 0, 0, 0, 5, 0, 0, 0, 1, 0], [0, 1, 1, 1, 1, 1, 1, 1, 1, 1, 0], [0, 0, 0, 0, 0, 0, 0, 0, 0, 0, 0]]"
2026-05-26T19:28:54.221611,0,West,1018.0,False,False,False,"[[0, 0, 0, 0, 0, 0, 0, 0, 0, 0, 0], [0, 1, 1, 1, 1, 1, 1, 1, 1, 4, 0], [0, 1, 0, 0, 0, 1, 0, 0, 0, 1, 0], [0, 1, 0, 1, 1, 1, 1, 1, 0, 1, 0], [0, 1, 1, 1, 0, 1, 0, 1, 1, 1, 0], [0, 0, 0, 1, 0, 1, 0, 1, 0, 0, 0], [0, 1, 1, 1, 1, 1, 1, 1, 1, 1, 0], [0, 1, 0, 1, 0, 0, 0, 1, 0, 1, 0], [0, 1, 0, 1, 0, 1, 0, 1, 0, 1, 0], [0, 1, 0, 1, 0, 1, 1, 1, 0, 1, 0], [0, 1, 0, 1, 0, 4, 1, 1, 0, 1, 0], [0, 1, 0, 1, 0, 1, 0, 1, 0, 1, 0], [0, 1, 0, 1, 0, 0, 0, 1, 0, 1, 0], [0, 1, 1, 1, 1, 1, 1, 1, 1, 1, 0], [0, 0, 0, 1, 0, 2, 0, 1, 0, 0, 0], [0, 1, 1, 1, 0, 2, 0, 1, 1, 1, 0], [0, 1, 0, 1, 1, 5, 2, 2, 0, 1, 0], [0, 1, 0, 0, 0, 1, 0, 0, 0, 1, 0], [0, 1, 1, 1, 1, 1, 1, 1, 1, 1, 0], [0, 0, 0, 0, 0, 0, 0, 0, 0, 0, 0]]"
2026-05-26T19:28:54.742055,0,West,1027.0,False,False,False,"[[0, 0, 0, 0, 0, 0, 0, 0, 0, 0, 0], [0, 1, 1, 1, 1, 1, 1, 1, 1, 4, 0], [0, 1, 0, 0, 0, 1, 0, 0, 0, 1, 0], [0, 1, 0, 1, 1, 1, 1, 1, 0, 1, 0], [0, 1, 1, 1, 0, 1, 0, 1, 1, 1, 0], [0, 0, 0, 1, 0, 1, 0, 1, 0, 0, 0], [0, 1, 1, 1, 1, 1, 1, 1, 1, 1, 0], [0, 1, 0, 1, 0, 0, 0, 1, 0, 1, 0], [0, 1, 0, 1, 0, 1, 0, 1, 0, 1, 0], [0, 1, 0, 1, 0, 1, 1, 1, 0, 1, 0], [0, 1, 0, 1, 0, 1, 4, 1, 0, 1, 0], [0, 1, 0, 1, 0, 1, 0, 1, 0, 1, 0], [0, 1, 0, 1, 0, 0, 0, 1, 0, 1, 0], [0, 1, 1, 1, 1, 1, 1, 1, 1, 1, 0], [0, 0, 0, 1, 0, 2, 0, 1, 0, 0, 0], [0, 1, 1, 1, 0, 5, 0, 1, 1, 1, 0], [0, 1, 0, 1, 1, 1, 2, 2, 0, 1, 0], [0, 1, 0, 0, 0, 1, 0, 0, 0, 1, 0], [0, 1, 1, 1, 1, 1, 1, 1, 1, 1, 0], [0, 0, 0, 0, 0, 0, 0, 0, 0, 0, 0]]"
2026-05-26T19:28:55.260000,0,East,1036.0,False,False,False,"[[0, 0, 0, 0, 0, 0, 0, 0, 0, 0, 0], [0, 1, 1, 1, 1, 1, 1, 1, 4, 1, 0], [0, 1, 0, 0, 0, 1, 0, 0, 0, 1, 0], [0, 1, 0, 1, 1, 1, 1, 1, 0, 1, 0], [0, 1, 1, 1, 0, 1, 0, 1, 1, 1, 0], [0, 0, 0, 1, 0, 1, 0, 1, 0, 0, 0], [0, 1, 1, 1, 1, 1, 1, 1, 1, 1, 0], [0, 1, 0, 1, 0, 0, 0, 1, 0, 1, 0], [0, 1, 0, 1, 0, 1, 0, 1, 0, 1, 0], [0, 1, 0, 1, 0, 1, 1, 1, 0, 1, 0], [0, 1, 0, 1, 0, 1, 1, 4, 0, 1, 0], [0, 1, 0, 1, 0, 1, 0, 1, 0, 1, 0], [0, 1, 0, 1, 0, 0, 0, 1, 0, 1, 0], [0, 1, 1, 1, 1, 1, 1, 1, 1, 1, 0], [0, 0, 0, 1, 0, 5, 0, 1, 0, 0, 0], [0, 1, 1, 1, 0, 1, 0, 1, 1, 1, 0], [0, 1, 0, 1, 1, 1, 2, 2, 0, 1, 0], [0, 1, 0, 0, 0, 1, 0, 0, 0, 1, 0], [0, 1, 1, 1, 1, 1, 1, 1, 1, 1, 0], [0, 0, 0, 0, 0, 0, 0, 0, 0, 0, 0]]"
2026-05-26T19:28:55.779059,0,East,1035.0,False,False,False,"[[0, 0, 0, 0, 0, 0, 0, 0, 0, 0, 0], [0, 1, 1, 1, 1, 1, 1, 1, 4, 1, 0], [0, 1, 0, 0, 0, 1, 0, 0, 0, 1, 0], [0, 1, 0, 1, 1, 1, 1, 1, 0, 1, 0], [0, 1, 1, 1, 0, 1, 0, 1, 1, 1, 0], [0, 0, 0, 1, 0, 1, 0, 1, 0, 0, 0], [0, 1, 1, 1, 1, 1, 1, 1, 1, 1, 0], [0, 1, 0, 1, 0, 0, 0, 1, 0, 1, 0], [0, 1, 0, 1, 0, 1, 0, 1, 0, 1, 0], [0, 1, 0, 1, 0, 1, 1, 1, 0, 1, 0], [0, 1, 0, 1, 0, 1, 1, 1, 0, 1, 0], [0, 1, 0, 1, 0, 1, 0, 4, 0, 1, 0], [0, 1, 0, 1, 0, 0, 0, 1, 0, 1, 0], [0, 1, 1, 1, 1, 1, 1, 1, 1, 1, 0], [0, 0, 0, 1, 0, 1, 0, 1, 0, 0, 0], [0, 1, 1, 1, 0, 5, 0, 1, 1, 1, 0], [0, 1, 0, 1, 1, 1, 2, 2, 0, 1, 0], [0, 1, 0, 0, 0, 1, 0, 0, 0, 1, 0], [0, 1, 1, 1, 1, 1, 1, 1, 1, 1, 0], [0, 0, 0, 0, 0, 0, 0, 0, 0, 0, 0]]"
2026-05-26T19:28:56.297833,0,North,1034.0,False,False,False,"[[0, 0, 0, 0, 0, 0, 0, 0, 0, 0, 0], [0, 1, 1, 1, 1, 1, 1, 4, 1, 1, 0], [0, 1, 0, 0, 0, 1, 0, 0, 0, 1, 0], [0, 1, 0, 1, 1, 1, 1, 1, 0, 1, 0], [0, 1, 1, 1, 0, 1, 0, 1, 1, 1, 0], [0, 0, 0, 1, 0, 1, 0, 1, 0, 0, 0], [0, 1, 1, 1, 1, 1, 1, 1, 1, 1, 0], [0, 1, 0, 1, 0, 0, 0, 1, 0, 1, 0], [0, 1, 0, 1, 0, 1, 0, 1, 0, 1, 0], [0, 1, 0, 1, 0, 1, 1, 1, 0, 1, 0], [0, 1, 0, 1, 0, 1, 1, 1, 0, 1, 0], [0, 1, 0, 1, 0, 1, 0, 1, 0, 1, 0], [0, 1, 0, 1, 0, 0, 0, 4, 0, 1, 0], [0, 1, 1, 1, 1, 1, 1, 1, 1, 1, 0], [0, 0, 0, 1, 0, 1, 0, 1, 0, 0, 0], [0, 1, 1, 1, 0, 1, 0, 1, 1, 1, 0], [0, 1, 0, 1, 1, 5, 2, 2, 0, 1, 0], [0, 1, 0, 0, 0, 1, 0, 0, 0, 1, 0], [0, 1, 1, 1, 1, 1, 1, 1, 1, 1, 0], [0, 0, 0, 0, 0, 0, 0, 0, 0, 0, 0]]"
2026-05-26T19:28:56.815509,0,North,1043.0,False,False,False,"[[0, 0, 0, 0, 0, 0, 0, 0, 0, 0, 0], [0, 1, 1, 1, 1, 1, 1, 4, 1, 1, 0], [0, 1, 0, 0, 0, 1, 0, 0, 0, 1, 0], [0, 1, 0, 1, 1, 1, 1, 1, 0, 1, 0], [0, 1, 1, 1, 0, 1, 0, 1, 1, 1, 0], [0, 0, 0, 1, 0, 1, 0, 1, 0, 0, 0], [0, 1, 1, 1, 1, 1, 1, 1, 1, 1, 0], [0, 1, 0, 1, 0, 0, 0, 1, 0, 1, 0], [0, 1, 0, 1, 0, 1, 0, 1, 0, 1, 0], [0, 1, 0, 1, 0, 1, 1, 1, 0, 1, 0], [0, 1, 0, 1, 0, 1, 1, 1, 0, 1, 0], [0, 1, 0, 1, 0, 1, 0, 1, 0, 1, 0], [0, 1, 0, 1, 0, 0, 0, 1, 0, 1, 0], [0, 1, 1, 1, 1, 1, 1, 4, 1, 1, 0], [0, 0, 0, 1, 0, 1, 0, 1, 0, 0, 0], [0, 1, 1, 1, 0, 1, 0, 1, 1, 1, 0], [0, 1, 0, 1, 1, 1, 5, 2, 0, 1, 0], [0, 1, 0, 0, 0, 1, 0, 0, 0, 1, 0], [0, 1, 1, 1, 1, 1, 1, 1, 1, 1, 0], [0, 0, 0, 0, 0, 0, 0, 0, 0, 0, 0]]"
